epoch,name,layer,iteration,train_r2,test_r2,train_mse,test_mse,subspace_rank,cumulative_dims,singular_values
100,step_000100,0,0,0.9331416540716448,0.926922849038436,0.0111555631506863,0.0119544783662428,2,2,"2.557381,2.189721"
100,step_000100,0,1,0.9239743127027604,0.917206551690336,0.0126825387216407,0.0135748996531128,2,4,"2.819632,1.699241"
100,step_000100,0,2,0.9151160209095984,0.9073676116368752,0.0141572085324221,0.0152186097196167,2,6,"2.101296,1.158609"
100,step_000100,0,3,0.9095169530888992,0.9020607188865284,0.0150895540061226,0.0161035270542009,2,8,"1.833150,1.117527"
100,step_000100,0,4,0.9053620315556392,0.8985638243095645,0.0157816857302523,0.016680566933527,2,10,"1.179149,1.125369"
100,step_000100,0,5,0.90126309169805,0.8955549948374952,0.016465081553809,0.0171751024793274,2,12,"1.239596,1.032622"
100,step_000100,0,6,0.8974621968663499,0.8911437846300879,0.0170989688110721,0.0178988470769415,2,14,"1.415400,0.948258"
100,step_000100,0,7,0.8917835627652752,0.8859695798244326,0.0180465537049481,0.0187421374814646,2,16,"1.490329,1.212602"
100,step_000100,0,8,0.8849177699242018,0.879279847268053,0.0191914205154959,0.0198464719109212,2,18,"1.550585,1.099119"
100,step_000100,0,9,0.8758548812456581,0.8698670367747198,0.020704087369552,0.0213756223827367,2,20,"1.590249,1.016629"
100,step_000100,0,10,0.8672670586455068,0.8596999530088786,0.0221365980994316,0.0230454811587212,2,22,"1.794595,1.093023"
100,step_000100,0,11,0.8571700062570365,0.8493955145343465,0.0238215049062209,0.0247242096877152,2,24,"1.688010,1.082822"
100,step_000100,0,12,0.8411098492214589,0.8342759080413623,0.0265019866045435,0.0271842567174884,2,26,"1.865569,0.878514"
100,step_000100,0,13,0.818129186684697,0.8083411887665023,0.0303392442298686,0.0313962525213171,2,28,"2.472980,0.996514"
100,step_000100,0,14,0.7833443916380748,0.7724454831781563,0.0361497268669833,0.0372364074686259,2,30,"2.122657,1.197780"
100,step_000100,1,0,0.9468890429766892,0.9441112762627698,0.0088574886618576,0.009190133265574,2,2,"1.658165,1.022728"
100,step_000100,1,1,0.9305142925927008,0.9284476790146248,0.0115899843840446,0.0117611932259629,2,4,"1.240502,0.982978"
100,step_000100,1,2,0.9206842747787112,0.9175060606535672,0.0132303538629254,0.0135497858156925,2,6,"1.256863,0.701741"
100,step_000100,1,3,0.9114558943733164,0.9083796858631764,0.0147702664809106,0.0150422702566058,2,8,"1.164591,0.706165"
100,step_000100,1,4,0.9023884754981208,0.8997447862496094,0.0162818907243913,0.0164645654455332,2,10,"1.085853,0.764212"
100,step_000100,1,5,0.8919538887179588,0.8883209685375201,0.0180228649488803,0.0183329225037866,2,12,"1.286349,0.712785"
100,step_000100,1,6,0.8798315210304238,0.874703375340089,0.0200456423701691,0.0205529849435098,2,14,"1.223414,0.689853"
100,step_000100,1,7,0.8668767901923777,0.860219993206304,0.0222078918458237,0.0229229603398973,2,16,"0.980658,0.629197"
100,step_000100,1,8,0.857269771752098,0.846159971550851,0.0238101895466217,0.0252258150189505,2,18,"0.804778,0.697642"
100,step_000100,1,9,0.8466448369269411,0.8337108192340419,0.0255820975221421,0.027261866253396,2,20,"1.084645,0.780383"
100,step_000100,1,10,0.8327396807410056,0.8164678368429947,0.0279009141113944,0.0300994572576414,2,22,"1.288687,0.846782"
100,step_000100,1,11,0.809836785869988,0.7950293789186692,0.0317194961086447,0.0336243572234915,2,24,"1.388740,1.000014"
100,step_000100,1,12,0.7747406852512618,0.756040328400438,0.0375735716692066,0.0399991211912764,2,26,"1.541136,0.915987"
100,step_000100,1,13,0.7443757519763725,0.7316299903049114,0.0426389747278596,0.0439882222793619,2,28,"1.645749,0.976598"
100,step_000100,1,14,0.7058319033703553,0.6920173786138403,0.0490661989944687,0.0504903901805389,2,30,"1.130892,1.019145"
100,step_000100,2,0,0.9414502363655788,0.9367745103357452,0.0097667784538043,0.0103619557181291,2,2,"0.939320,0.769488"
100,step_000100,2,1,0.9263355106574812,0.9216157844717952,0.0122855156480305,0.0128729547913907,2,4,"0.974506,0.715492"
100,step_000100,2,2,0.9138917322656828,0.9112760165153464,0.0143613244680055,0.0145659609531322,2,6,"0.874472,0.461216"
100,step_000100,2,3,0.9045600527766312,0.9041096578139411,0.0159182021958133,0.0157464926324839,2,8,"0.761340,0.567721"
100,step_000100,2,4,0.8937985709072102,0.8944718804679641,0.01771357767329,0.0173228522356262,2,10,"1.029134,0.534649"
100,step_000100,2,5,0.8740165659261021,0.8699224580479971,0.0210167244973009,0.0213130914249467,2,12,"0.924744,0.478437"
100,step_000100,2,6,0.8576854566444135,0.8533164630894889,0.0237415735859761,0.0240303862935635,2,14,"0.876911,0.545492"
100,step_000100,2,7,0.8372349349921094,0.8288842456068749,0.0271535292954165,0.0280370511764331,2,16,"0.979853,0.566579"
100,step_000100,2,8,0.8108607868171758,0.8019311123064791,0.0315544362572743,0.0324626691599433,2,18,"1.478589,0.684448"
100,step_000100,2,9,0.7752987145051452,0.7603373320818251,0.0374904579101589,0.039261358133138,2,20,"1.070414,0.753704"
100,step_000100,2,10,0.7455649391151105,0.7309318199744985,0.0424485249062554,0.0441077896922158,2,22,"0.807784,0.619404"
100,step_000100,2,11,0.7231385215616729,0.7103244505556138,0.0461902020466286,0.0474601645358683,2,24,"1.044705,0.604147"
100,step_000100,2,12,0.6917928760227041,0.671946310905462,0.0514151435629405,0.0537863872847246,2,26,"0.923079,0.878026"
100,step_000100,2,13,0.6428960484661634,0.6274656732656418,0.059565095408383,0.0611346764684685,2,28,"0.951552,0.698217"
100,step_000100,2,14,0.6051218120401423,0.5986449556352043,0.0658570344854126,0.065915502737533,2,30,"0.968358,0.626554"
100,step_000100,3,0,0.9407138999904155,0.935647742044362,0.0098885392869894,0.0105620570923131,2,2,"0.914575,0.710689"
100,step_000100,3,1,0.924239527631331,0.9195298638291975,0.0126364330600507,0.013206541730853,2,4,"0.722442,0.616723"
100,step_000100,3,2,0.9120358094410044,0.9088819622818912,0.0146730840140189,0.0149545033327808,2,6,"1.009822,0.476243"
100,step_000100,3,3,0.8990396685851594,0.8975003517022904,0.0168409980795223,0.0168164394983923,2,8,"0.738924,0.527650"
100,step_000100,3,4,0.8864708748163616,0.8816164587627927,0.0189367445940206,0.0194294564526038,2,10,"0.751792,0.488800"
100,step_000100,3,5,0.8733411568120438,0.8706874045701524,0.021127245559652,0.0212204777716186,2,12,"0.770316,0.474969"
100,step_000100,3,6,0.8592375562827907,0.8564817514083293,0.0234800684142306,0.0235502681178648,2,14,"0.825810,0.463998"
100,step_000100,3,7,0.8298704264994358,0.8252843273858183,0.0283795694510341,0.0286445124900986,2,16,"0.842069,0.763012"
100,step_000100,3,8,0.7982991107565806,0.7958476642262916,0.0336440456988986,0.0335066526312371,2,18,"0.903277,0.873671"
100,step_000100,3,9,0.7663642797541373,0.759668795579195,0.0389681193391741,0.0394729721115862,2,20,"0.883400,0.815298"
100,step_000100,3,10,0.7256282178298123,0.7198403149601725,0.0457566021542935,0.0460498138354305,2,22,"0.957218,0.798583"
100,step_000100,3,11,0.6862737716421031,0.676891749145304,0.0523144931778295,0.0531258570490035,2,24,"0.983744,0.595935"
100,step_000100,3,12,0.6565005627342396,0.6453517960008471,0.057275993286804,0.0583288330266257,2,26,"0.908450,0.617010"
100,step_000100,3,13,0.6058774529529866,0.5948183840763356,0.0657075331892505,0.0667173561542762,2,28,"0.831750,0.598533"
100,step_000100,3,14,0.5662399062952224,0.5610615466508838,0.0723127051084819,0.0722776620027661,2,30,"0.765965,0.607085"
200,step_000200,0,0,0.9326470856795848,0.9246068928372873,0.0112363757731159,0.0123586333912041,2,2,"2.003868,1.638538"
200,step_000200,0,1,0.924532131907718,0.9181261687336232,0.0125884916373173,0.0134370055392014,2,4,"2.069747,1.637340"
200,step_000200,0,2,0.9193435155928728,0.9120636900725524,0.0134526473510224,0.0144462237814582,2,6,"1.978070,1.030269"
200,step_000200,0,3,0.914482651742856,0.9072165749491176,0.0142620998250044,0.0152550307976506,2,8,"1.504403,1.063372"
200,step_000200,0,4,0.9095365478933082,0.9035879630227974,0.015085675388318,0.0158582356771913,2,10,"1.393289,0.851660"
200,step_000200,0,5,0.9051361115284706,0.8990589783207499,0.0158189039933353,0.0166031917358504,2,12,"1.116353,1.036048"
200,step_000200,0,6,0.9017307948810878,0.8949740915138594,0.0163869557991561,0.0172711032611244,2,14,"1.363941,0.910946"
200,step_000200,0,7,0.8976981599987962,0.8907379710919333,0.0170597253359125,0.0179648847469124,2,16,"1.328224,1.002817"
200,step_000200,0,8,0.8931084108587802,0.8854839912151945,0.0178257199045425,0.0188142520244778,2,18,"1.496472,0.864267"
200,step_000200,0,9,0.8867717125823532,0.8794776259124549,0.0188836338740936,0.0197941560236784,2,20,"1.822806,0.922175"
200,step_000200,0,10,0.8789230931930555,0.8709886188551673,0.0201939650875735,0.0211748161649889,2,22,"1.854358,0.640575"
200,step_000200,0,11,0.8706813712755282,0.8621104955857456,0.0215695469118228,0.0226246988778367,2,24,"1.697857,0.759217"
200,step_000200,0,12,0.8601886167473536,0.8502046021873989,0.0233218294534667,0.0245625441513521,2,26,"1.638606,0.885210"
200,step_000200,0,13,0.8507987246600472,0.8395004456304992,0.0248894763145556,0.0263148140955013,2,28,"1.641375,0.945651"
200,step_000200,0,14,0.8398174534215879,0.8292650056355036,0.0267206096468711,0.0279839817338959,2,30,"1.651585,0.876090"
200,step_000200,1,0,0.9497255279627218,0.9450573711325349,0.008384330038559,0.0090404344353062,2,2,"1.506340,1.096168"
200,step_000200,1,1,0.93684695136968,0.9349249729451438,0.0105331878403078,0.0107002542475257,2,4,"1.353867,0.956294"
200,step_000200,1,2,0.9246090495841988,0.921393652144652,0.0125757597038618,0.0129167210265081,2,6,"1.020085,0.682431"
200,step_000200,1,3,0.9162305888846028,0.913377429743398,0.0139733968928161,0.0142356553294031,2,8,"1.098908,0.662443"
200,step_000200,1,4,0.9090357429544932,0.9058065696877636,0.0151732627449097,0.0154860503402999,2,10,"0.845885,0.703336"
200,step_000200,1,5,0.9010538349838342,0.8958183872131092,0.0165047057982294,0.0171180748793382,2,12,"0.941139,0.674915"
200,step_000200,1,6,0.8928240664921526,0.8873730501497158,0.0178772805115438,0.0184959265422217,2,14,"0.939680,0.651060"
200,step_000200,1,7,0.8838135172262037,0.8751093369972746,0.0193814947427928,0.0205002725330191,2,16,"0.786646,0.525915"
200,step_000200,1,8,0.8778243265671083,0.8696083045433948,0.020381127946168,0.0214029418607254,2,18,"0.753145,0.550661"
200,step_000200,1,9,0.8703898110908073,0.8583749679816504,0.0216220711538344,0.0232320022898719,2,20,"0.746200,0.586718"
200,step_000200,1,10,0.8548190176801413,0.839215996888989,0.0242223456672253,0.0263554660792787,2,22,"1.248945,0.595289"
200,step_000200,1,11,0.8383620560427211,0.8239314332635418,0.0269692274874824,0.028857232157385,2,24,"1.144271,0.708972"
200,step_000200,1,12,0.8224600253165893,0.8076082537566047,0.0296222558691458,0.0315287876746361,2,26,"1.171312,0.698513"
200,step_000200,1,13,0.8014348216638542,0.7850923059507249,0.0331296754999625,0.0352200216690938,2,28,"1.221980,0.807889"
200,step_000200,1,14,0.7663729220808836,0.750401080674409,0.0389790691223311,0.0408835395481495,2,30,"0.969284,0.815401"
200,step_000200,2,0,0.9433860419782611,0.9372180735403562,0.0094438371358864,0.0103016041476268,2,2,"0.851141,0.707831"
200,step_000200,2,1,0.9312528264692576,0.9270011968242834,0.0114666226350274,0.0119859315182622,2,4,"0.664799,0.621703"
200,step_000200,2,2,0.9213413774326764,0.9179451948243472,0.0131190923536953,0.0134788167148513,2,6,"0.684185,0.547712"
200,step_000200,2,3,0.911756554209516,0.9102989633008496,0.0147180227157594,0.0147341521500492,2,8,"0.641086,0.473908"
200,step_000200,2,4,0.9010961901394126,0.8981457848811291,0.0164967341255149,0.016721545281072,2,10,"0.712991,0.473786"
200,step_000200,2,5,0.8917682702942553,0.8880967664750904,0.0180532629579131,0.0183672229448049,2,12,"0.810311,0.354533"
200,step_000200,2,6,0.87650703425718,0.8701813970510014,0.0206007822705675,0.0212883206373762,2,14,"0.907149,0.402419"
200,step_000200,2,7,0.8531989647349727,0.8446634105366385,0.0244936347035795,0.0254519964964525,2,16,"0.949768,0.442427"
200,step_000200,2,8,0.8351834806177153,0.8223633180276911,0.027501948481285,0.0290869286258151,2,18,"0.824154,0.485272"
200,step_000200,2,9,0.8180547263193759,0.8032787934665899,0.0303581085881397,0.0322391643299591,2,20,"0.759657,0.650317"
200,step_000200,2,10,0.7985320853957205,0.7816974734666297,0.0336121034840681,0.0358044077555972,2,22,"0.770900,0.515393"
200,step_000200,2,11,0.7749339095348216,0.7626911540112028,0.0375496568655192,0.038914713419709,2,24,"0.835898,0.662977"
200,step_000200,2,12,0.7447089052674841,0.7294098914981765,0.0425887825498882,0.0443481140121171,2,26,"0.712169,0.669429"
200,step_000200,2,13,0.7165561793205008,0.7005394676624596,0.0472779845823022,0.0491495561613201,2,28,"0.818130,0.675679"
200,step_000200,2,14,0.6750638209062355,0.6639830679534265,0.0541907606564538,0.0551806350208354,2,30,"0.889785,0.559590"
200,step_000200,3,0,0.9460810020006188,0.9393202422263206,0.0089944591771215,0.0099569008040334,2,2,"0.881127,0.691189"
200,step_000200,3,1,0.9331486991198502,0.9291301392489046,0.0111513148964989,0.0116347989820169,2,4,"0.705062,0.573356"
200,step_000200,3,2,0.9217392892957692,0.9167813751326068,0.0130537012955415,0.0136601192407093,2,6,"0.646336,0.494393"
200,step_000200,3,3,0.9116493049217776,0.9070527879226482,0.0147354473859582,0.0152646860978262,2,8,"0.523299,0.450944"
200,step_000200,3,4,0.9036448591270084,0.8997162848940677,0.0160702327679826,0.0164751953390364,2,10,"0.545802,0.402866"
200,step_000200,3,5,0.8931128123865903,0.8896756387977133,0.0178277491537495,0.0181231506405328,2,12,"0.655899,0.450957"
200,step_000200,3,6,0.8816825276809999,0.8771504653035999,0.0197354358616954,0.0201668931440244,2,14,"0.627962,0.352925"
200,step_000200,3,7,0.8626864111327276,0.8575078873199731,0.0229061473081659,0.0233643722415963,2,16,"0.635858,0.384761"
200,step_000200,3,8,0.8487316914749529,0.8425572305984054,0.0252341221294721,0.0258119709385151,2,18,"0.684629,0.522558"
200,step_000200,3,9,0.8167866221428479,0.8111034537223295,0.0305592931142282,0.0310186120608332,2,20,"0.763134,0.628982"
200,step_000200,3,10,0.7818698453469793,0.7733674001266723,0.0363767867292634,0.0372359766508269,2,22,"0.816310,0.529609"
200,step_000200,3,11,0.7527892424926893,0.7377147411063616,0.0412229155275633,0.0431302360250514,2,24,"0.705706,0.561177"
200,step_000200,3,12,0.7255422335260873,0.7113144666972722,0.0457613355189703,0.0475130001518657,2,26,"0.680658,0.557359"
200,step_000200,3,13,0.6981920533508742,0.6862324564762492,0.0503159995078958,0.0516728660094367,2,28,"0.616471,0.542713"
200,step_000200,3,14,0.6666603261721368,0.6537913961135164,0.0555720452676854,0.0570205534752048,2,30,"0.645315,0.531571"
300,step_000300,0,0,0.9322642843097416,0.9236980614464636,0.0112996773345409,0.0125221436789529,2,2,"1.944760,1.695771"
300,step_000300,0,1,0.9266566672284968,0.920567258959691,0.012234283723024,0.0130384889214116,2,4,"1.807049,1.395951"
300,step_000300,0,2,0.9217786848219084,0.9150055324702648,0.0130468306404911,0.0139605265028915,2,6,"1.653568,1.196471"
300,step_000300,0,3,0.91761190697782,0.9111212569352704,0.0137408303178298,0.0146125978413314,2,8,"1.576874,0.986088"
300,step_000300,0,4,0.913554561109394,0.9069630930219618,0.0144164950613511,0.0153028751718805,2,10,"1.575378,0.902109"
300,step_000300,0,5,0.90967103322478,0.9034724071814496,0.0150630382628423,0.0158809258254516,2,12,"1.370940,0.902319"
300,step_000300,0,6,0.9061472913441164,0.900550644847644,0.0156503555939611,0.0163643076523278,2,14,"1.193149,0.865849"
300,step_000300,0,7,0.9024930900175964,0.8954129461725451,0.0162598605670242,0.0172063098575241,2,16,"1.103975,0.812202"
300,step_000300,0,8,0.8988476842920884,0.8914722664713448,0.016867907560726,0.0178542691471829,2,18,"1.270870,0.797344"
300,step_000300,0,9,0.8939594313276732,0.8870960270351463,0.0176841198028349,0.0185646833158913,2,20,"1.465754,0.678119"
300,step_000300,0,10,0.8833235096407744,0.8747405682805983,0.019460898110724,0.0205680088194294,2,22,"1.888946,0.651248"
300,step_000300,0,11,0.8761466206118126,0.8671781086639356,0.0206592604338848,0.0217966887457178,2,24,"1.400142,0.789648"
300,step_000300,0,12,0.8668238153160418,0.8593004540331481,0.0222163328771586,0.0230846358907911,2,26,"1.543521,0.743203"
300,step_000300,0,13,0.8584028166804535,0.8475306456036393,0.0236225682074545,0.0250024531057646,2,28,"1.451368,0.690708"
300,step_000300,0,14,0.849257469966649,0.8394058315925809,0.0251480621701912,0.0263340553936951,2,30,"1.635019,1.048912"
300,step_000300,1,0,0.9502850174183723,0.9455434969919152,0.0082911649985565,0.0089585404788713,2,2,"1.503716,1.022787"
300,step_000300,1,1,0.9384998823984262,0.9368880441137856,0.0102568602294385,0.0103839055258863,2,4,"1.198794,0.977684"
300,step_000300,1,2,0.9268562397357588,0.9248287325381904,0.0122001285479461,0.0123599293240779,2,6,"1.173050,0.678175"
300,step_000300,1,3,0.9195548411721148,0.9160363796060724,0.0134183950089071,0.0138003197180646,2,8,"0.919395,0.661419"
300,step_000300,1,4,0.9124149985042482,0.9093236291398028,0.0146097664390203,0.0149024147180122,2,10,"0.945466,0.699277"
300,step_000300,1,5,0.9060842565610296,0.901365965835756,0.0156655732851948,0.0162111769382462,2,12,"0.795886,0.620685"
300,step_000300,1,6,0.8986626548861952,0.8937185693123667,0.0169033226528231,0.0174630987061364,2,14,"0.892367,0.613184"
300,step_000300,1,7,0.8925153755884697,0.8859471251130046,0.0179286685305817,0.0187478232061079,2,16,"0.860477,0.510562"
300,step_000300,1,8,0.886209222068857,0.8779912554314523,0.0189813006623259,0.0200433163219106,2,18,"0.649407,0.434470"
300,step_000300,1,9,0.880847412376128,0.870365410819257,0.0198762111204464,0.0212925123330064,2,20,"0.743707,0.478186"
300,step_000300,1,10,0.8698095717803443,0.8573838202323559,0.0217188225984649,0.0234199987313678,2,22,"0.899918,0.555624"
300,step_000300,1,11,0.8570396410302683,0.8456036125191769,0.0238507782793406,0.0253389275271219,2,24,"0.952277,0.495559"
300,step_000300,1,12,0.8431687434428706,0.8288570575838156,0.0261656837633215,0.0280858636757927,2,26,"0.973575,0.660229"
300,step_000300,1,13,0.8236604171148717,0.8106538439071785,0.0294198944324075,0.0310804938023929,2,28,"0.929362,0.765176"
300,step_000300,1,14,0.7919093574351691,0.7785001674311948,0.0347177263518422,0.0363342269036052,2,30,"1.121325,0.736418"
300,step_000300,2,0,0.9456528381424048,0.939238382436286,0.0090651803566643,0.0099794885581077,2,2,"0.887363,0.636429"
300,step_000300,2,1,0.9340864585360592,0.9309636936645076,0.0109936164224049,0.0113426851316477,2,4,"0.605630,0.541145"
300,step_000300,2,2,0.9268954351701524,0.9235729111635456,0.0121921699089095,0.0125644675195739,2,6,"0.615346,0.523380"
300,step_000300,2,3,0.9170590885699748,0.9139882397793372,0.0138326299989623,0.0141390091814415,2,8,"0.584003,0.403360"
300,step_000300,2,4,0.9087555680290936,0.9061435984586912,0.0152172014582509,0.0154326000352277,2,10,"0.625883,0.389315"
300,step_000300,2,5,0.9001106876739019,0.8968733186884892,0.0166600933024464,0.0169515833670127,2,12,"0.700887,0.381312"
300,step_000300,2,6,0.8887073787819496,0.8829987629510829,0.0185634962689129,0.0192094959226551,2,14,"0.808298,0.424519"
300,step_000300,2,7,0.8679080896450682,0.8604328919611106,0.0220380842282279,0.0228777622432477,2,16,"0.794604,0.354734"
300,step_000300,2,8,0.8525245775916462,0.8405884403133408,0.0246069491091616,0.0261243234845759,2,18,"0.830300,0.406515"
300,step_000300,2,9,0.8379807069144616,0.8251454190660414,0.027033752026118,0.0286630236276253,2,20,"0.650733,0.589125"
300,step_000300,2,10,0.8200459643177106,0.8054337565628864,0.0300247546998055,0.031912481348754,2,22,"0.675379,0.536871"
300,step_000300,2,11,0.7958469259110154,0.7791129777766894,0.0340622897018954,0.0362209486780993,2,24,"0.851207,0.498611"
300,step_000300,2,12,0.7714959758937011,0.7574466079612242,0.038123402741618,0.0397610056844561,2,26,"0.785870,0.637069"
300,step_000300,2,13,0.7301272695721283,0.7133883678920133,0.0450213365857823,0.0469705020350338,2,28,"0.826872,0.593166"
300,step_000300,2,14,0.7013367952924106,0.6814461975632073,0.0498179790233692,0.052269761712205,2,30,"0.741417,0.518968"
300,step_000300,3,0,0.9477213867913252,0.9422143484015342,0.0087206368464092,0.0094849772250229,2,2,"0.790757,0.592430"
300,step_000300,3,1,0.9365150545051136,0.9331357074192078,0.0105897025478745,0.0109833578234163,2,4,"0.589425,0.481311"
300,step_000300,3,2,0.9270948938737824,0.9236586764391254,0.012159983022214,0.0125443828596084,2,6,"0.541791,0.446165"
300,step_000300,3,3,0.9179911307716168,0.913681388003725,0.0136765273747438,0.0141964281102236,2,8,"0.511977,0.353901"
300,step_000300,3,4,0.9103595753846369,0.9062332356341066,0.0149485921563563,0.0154265895131557,2,10,"0.467028,0.356078"
300,step_000300,3,5,0.9001817285988681,0.8967064005266864,0.0166469824723656,0.0169832781843372,2,12,"0.500409,0.346474"
300,step_000300,3,6,0.8911188336526533,0.8861124186149798,0.0181587821836117,0.0187209030418794,2,14,"0.702612,0.341517"
300,step_000300,3,7,0.8770955225801814,0.871672524197173,0.0205002788971986,0.0210709187142181,2,16,"0.639155,0.341910"
300,step_000300,3,8,0.8593784022421,0.8534359367451,0.0234563538808973,0.0240780220624177,2,18,"0.580092,0.465412"
300,step_000300,3,9,0.8383190850453471,0.8314053989948288,0.0269663072521204,0.027735203240795,2,20,"0.566440,0.466029"
300,step_000300,3,10,0.8165121021201012,0.8035521265536042,0.030602908492713,0.0322995501693126,2,22,"0.655299,0.489130"
300,step_000300,3,11,0.7803429747148041,0.7685047895869128,0.0366334497191967,0.038099084990969,2,24,"0.620164,0.575318"
300,step_000300,3,12,0.7517771056485177,0.7391722685307069,0.0413924227711943,0.0429430975463841,2,26,"0.670612,0.448076"
300,step_000300,3,13,0.7195981290678269,0.7025477730452881,0.0467571508715492,0.0489634855059693,2,28,"0.678963,0.577829"
300,step_000300,3,14,0.6857554355577292,0.681847392620066,0.0523970440031765,0.0524023973697228,2,30,"0.646786,0.513366"
400,step_000400,0,0,0.9332998613282744,0.9249697056649704,0.0111270067774986,0.0123188340660472,2,2,"1.983760,1.889263"
400,step_000400,0,1,0.9277463289076668,0.9217043977861924,0.0120526175418009,0.0128547464807622,2,4,"1.654760,1.287453"
400,step_000400,0,2,0.9234965313294246,0.9171396759119116,0.0127606602283128,0.0136092316878051,2,6,"1.673567,1.177044"
400,step_000400,0,3,0.919939596290087,0.9138075848256848,0.0133532164136714,0.0141672241249696,2,8,"1.557211,0.995862"
400,step_000400,0,4,0.9159697340132132,0.909299617667704,0.014014371564412,0.0149151203743739,2,10,"1.407818,0.858300"
400,step_000400,0,5,0.911176712947746,0.9049144223464514,0.0148122858734898,0.0156401589880418,2,12,"1.322754,0.884078"
400,step_000400,0,6,0.9076975803938744,0.9016403063767332,0.0153921102773931,0.016182288320622,2,14,"1.073417,0.870309"
400,step_000400,0,7,0.904694525195406,0.8979072235926621,0.0158928314095629,0.0167938401591715,2,16,"1.337571,0.891565"
400,step_000400,0,8,0.9014245297492124,0.8937006542639652,0.0164383649363895,0.0174851161564711,2,18,"1.143960,0.772439"
400,step_000400,0,9,0.8947512542228925,0.8883119413873409,0.0175524515797783,0.0183627033422176,2,20,"1.591057,0.650293"
400,step_000400,0,10,0.8849806852735287,0.8769270103917286,0.0191846524548684,0.0202080503765069,2,22,"1.805196,0.647160"
400,step_000400,0,11,0.8794870803125695,0.8707574961440372,0.0201017081992477,0.0212075056615883,2,24,"1.507214,0.646309"
400,step_000400,0,12,0.8713291899940904,0.8629266842643427,0.0214639949781586,0.0224911602137747,2,26,"1.697332,0.548298"
400,step_000400,0,13,0.8643338633651801,0.855059259590592,0.0226315739387514,0.0237789003981814,2,28,"1.603377,0.906840"
400,step_000400,0,14,0.8528410091631349,0.8425790111147466,0.0245492863464428,0.0258238488583614,2,30,"1.581718,1.204273"
400,step_000400,1,0,0.9507816191620676,0.9462835564227792,0.0082083394530531,0.0088375046309581,2,2,"1.478125,0.979779"
400,step_000400,1,1,0.9395369854544996,0.9376579753344536,0.0100837394772266,0.0102589455385837,2,4,"1.141294,0.967835"
400,step_000400,1,2,0.9285105016464468,0.9258626763640913,0.0119237493472705,0.0121935005344634,2,6,"1.188830,0.687379"
400,step_000400,1,3,0.9211406301577666,0.9174879970649816,0.0131537974704909,0.0135625965218405,2,8,"0.955402,0.643745"
400,step_000400,1,4,0.9148060312728116,0.9119207615701168,0.0142107962215674,0.0144764918952472,2,10,"0.951047,0.677617"
400,step_000400,1,5,0.9074519857070192,0.9030240085740512,0.0154374236584339,0.0159384626447505,2,12,"0.704058,0.655933"
400,step_000400,1,6,0.9003151072982267,0.8958586486619012,0.0166278746543154,0.0171096952747971,2,14,"0.776254,0.633167"
400,step_000400,1,7,0.8950735625552908,0.8875604891480348,0.0175021654932289,0.0184733091545337,2,16,"0.824023,0.489373"
400,step_000400,1,8,0.8893441849333309,0.8814356587914963,0.0184583553731122,0.0194798873947519,2,18,"0.646333,0.441039"
400,step_000400,1,9,0.883287009770251,0.8733350363233116,0.0194695273339878,0.0207963392077308,2,20,"0.771664,0.427078"
400,step_000400,1,10,0.8740972126535049,0.8645346737981418,0.0210031820977446,0.0222405346862249,2,22,"0.851645,0.498016"
400,step_000400,1,11,0.8626480512328628,0.8482610887749079,0.0229148399144867,0.0248896557735427,2,24,"0.906324,0.489109"
400,step_000400,1,12,0.8476505103627088,0.834953418156454,0.0254176440568663,0.0270710752630287,2,26,"0.997356,0.594575"
400,step_000400,1,13,0.8286630637680243,0.815747454755789,0.0285841186090466,0.0302279171607385,2,28,"1.177099,0.673381"
400,step_000400,1,14,0.8036733371221016,0.7882781170481016,0.0327518738834267,0.034725264751166,2,30,"1.153579,0.784287"
400,step_000400,2,0,0.9469156061358722,0.9411443189453552,0.0088543528259648,0.0096693327980751,2,2,"0.886588,0.621127"
400,step_000400,2,1,0.9363144711786204,0.9334192341584392,0.0106221403023358,0.0109437738262287,2,4,"0.586281,0.496145"
400,step_000400,2,2,0.9295083181752672,0.9271665446380822,0.0117563008407738,0.0119767746497503,2,6,"0.584885,0.505905"
400,step_000400,2,3,0.9191975803231788,0.915140758170737,0.0134755862499393,0.0139532646336908,2,8,"0.535788,0.389037"
400,step_000400,2,4,0.9104796937430611,0.9080322145669028,0.0149298280193863,0.0151216506347243,2,10,"0.606920,0.390455"
400,step_000400,2,5,0.9012906402904934,0.8976659111759444,0.0164638155683187,0.0168065495141764,2,12,"0.683879,0.362693"
400,step_000400,2,6,0.8885306136949875,0.882275796240367,0.0185939774858884,0.019316774297251,2,14,"0.828070,0.350668"
400,step_000400,2,7,0.8735012139145087,0.864856677062784,0.0211036267490917,0.0221597846546218,2,16,"0.791518,0.332238"
400,step_000400,2,8,0.8580247567644891,0.8473483782341388,0.0236869665488207,0.0250381586137675,2,18,"0.881704,0.467926"
400,step_000400,2,9,0.8422946341336711,0.829369017203237,0.0263105521090888,0.0280006175710962,2,20,"0.766477,0.476003"
400,step_000400,2,10,0.8239992927230956,0.8075494356808622,0.0293621583214417,0.0315898725888105,2,22,"0.620951,0.525344"
400,step_000400,2,11,0.8013588783696406,0.7855175946965799,0.0331357752333951,0.0351961812017858,2,24,"0.775697,0.544518"
400,step_000400,2,12,0.7678669725684627,0.7510793390144235,0.0387225050562983,0.0408263171497187,2,26,"0.915801,0.808038"
400,step_000400,2,13,0.7328405373787947,0.7167067571385511,0.0445590393782221,0.0464809154663072,2,28,"0.795965,0.579486"
400,step_000400,2,14,0.70053155499648,0.6842080939095713,0.0499451282850152,0.0518530812278133,2,30,"0.818383,0.517144"
400,step_000400,3,0,0.948512943082832,0.9441286167431792,0.0085886299703029,0.0091707703679744,2,2,"0.718962,0.544762"
400,step_000400,3,1,0.9387418242593816,0.9362411197193486,0.0102181878194294,0.0104737869131042,2,4,"0.559526,0.453811"
400,step_000400,3,2,0.9305224149308772,0.927611139712146,0.0115879343068214,0.011900882446924,2,6,"0.519075,0.419497"
400,step_000400,3,3,0.9227687930472506,0.9181201655123492,0.012879548174783,0.0134713809776759,2,8,"0.499669,0.335295"
400,step_000400,3,4,0.9147149748393304,0.9113658132842134,0.0142219617647823,0.0145849021397714,2,10,"0.453179,0.346765"
400,step_000400,3,5,0.9055308176677248,0.9016922616469876,0.0157543318247701,0.016167411314375,2,12,"0.582675,0.347614"
400,step_000400,3,6,0.8965273900359351,0.8939949546540163,0.0172566308542906,0.0174174052955569,2,14,"0.548050,0.323949"
400,step_000400,3,7,0.8834314649372897,0.8780764165555158,0.0194431411564388,0.0200216823202107,2,16,"0.590329,0.331218"
400,step_000400,3,8,0.8698153473458277,0.8641317006920316,0.0217157714562644,0.0223079448572158,2,18,"0.532048,0.442817"
400,step_000400,3,9,0.8503786625553135,0.841417618032004,0.0249569568444104,0.0260660192098945,2,20,"0.535113,0.435615"
400,step_000400,3,10,0.8282899332996457,0.815971208715872,0.0286404280539876,0.0302554740824229,2,22,"0.654539,0.447859"
400,step_000400,3,11,0.79936818564879,0.7893415727791574,0.0334627456552257,0.0346590986419677,2,24,"0.722302,0.546059"
400,step_000400,3,12,0.761652950711812,0.7548580222402738,0.0397515801253696,0.0403348482016053,2,26,"0.661901,0.515791"
400,step_000400,3,13,0.7283450088135247,0.7200666886810084,0.0453041404991287,0.0460767244233669,2,28,"0.657146,0.560699"
400,step_000400,3,14,0.6964228942704942,0.6842197267578717,0.0506212136977706,0.0520055194130742,2,30,"0.669212,0.474442"
500,step_000500,0,0,0.9349169170285948,0.92729296977924,0.0108576103003213,0.0119391743479771,2,2,"2.141871,1.924844"
500,step_000500,0,1,0.9289127329578888,0.9231300634693972,0.0118583172896562,0.0126204914475875,2,4,"1.621085,1.290198"
500,step_000500,0,2,0.9247949968741196,0.919241939543842,0.0125442572113879,0.0132643915109659,2,6,"1.743330,1.118205"
500,step_000500,0,3,0.9213786884480756,0.915161563568477,0.013113464463311,0.0139398253307932,2,8,"1.657333,0.978979"
500,step_000500,0,4,0.9179736942955002,0.9113100612853836,0.0136806020081487,0.0145826998466887,2,10,"1.457296,0.922157"
500,step_000500,0,5,0.9135164045163991,0.9067279801002184,0.0144225157044226,0.015339113047051,2,12,"1.433905,0.876302"
500,step_000500,0,6,0.9098702083130116,0.9033541898972036,0.0150300776597018,0.0158983615949366,2,14,"1.054789,0.952925"
500,step_000500,0,7,0.9066167784220562,0.9003624681101661,0.0155727113831795,0.0163872733575543,2,16,"1.219101,0.855457"
500,step_000500,0,8,0.9028383341987402,0.8951955717356631,0.0162028219477459,0.0172364057619037,2,18,"1.347825,0.725563"
500,step_000500,0,9,0.8977062253187587,0.8915223237804238,0.0170593492467368,0.0178362526922427,2,20,"1.602093,0.647351"
500,step_000500,0,10,0.8893945309842906,0.882242028303486,0.0184477241336399,0.0193426491293183,2,22,"1.845294,0.631108"
500,step_000500,0,11,0.8831664715419509,0.8754617405991136,0.0194874872760923,0.0204389647822483,2,24,"1.396409,0.679251"
500,step_000500,0,12,0.8758550765521883,0.8669784339399795,0.0207086380079303,0.0218240256756401,2,26,"1.635517,0.605979"
500,step_000500,0,13,0.8676716357892555,0.8594830968157625,0.0220752774794868,0.0230494143820871,2,28,"1.662249,0.797968"
500,step_000500,0,14,0.8566799627421003,0.8471498409877313,0.0239102965890016,0.025056799870795,2,30,"1.474987,1.011485"
500,step_000500,1,0,0.9518032408854866,0.9473309425869312,0.0080381467725568,0.0086637081415053,2,2,"1.449975,0.951201"
500,step_000500,1,1,0.9414479375799498,0.9393500116788636,0.0097653646285263,0.0099785951247347,2,4,"1.139582,0.990622"
500,step_000500,1,2,0.9307099368448916,0.9275494511506708,0.0115569805754548,0.0119169726491271,2,6,"1.168950,0.701105"
500,step_000500,1,3,0.9237304504021636,0.9200600978067904,0.0127219924163757,0.0131419315522227,2,8,"1.004783,0.608427"
500,step_000500,1,4,0.916804900231277,0.9141200405552432,0.0138775453532728,0.0141166718270957,2,10,"0.933051,0.682602"
500,step_000500,1,5,0.9095942297973276,0.9050805008366316,0.0150804019599509,0.0156012874766922,2,12,"0.717031,0.643529"
500,step_000500,1,6,0.903286073143864,0.8988801027546144,0.0161323009688625,0.0166178352620552,2,14,"0.867669,0.602366"
500,step_000500,1,7,0.8983299054657831,0.8909877750329761,0.0169591864520797,0.0179127991186712,2,16,"0.723603,0.501623"
500,step_000500,1,8,0.8918965034998778,0.8838250642190081,0.0180329367374697,0.0190874435177091,2,18,"0.631207,0.422818"
500,step_000500,1,9,0.8858659947030875,0.8764581527916283,0.0190394515156305,0.0202867666877007,2,20,"0.867032,0.446731"
500,step_000500,1,10,0.8763591670968308,0.8673544012242308,0.0206258711275318,0.021777693292803,2,22,"0.833609,0.488567"
500,step_000500,1,11,0.865911549122142,0.8530967944202857,0.0223701473217757,0.024099703450814,2,24,"0.839714,0.560566"
500,step_000500,1,12,0.8508691977537964,0.837950033168152,0.0248811151268119,0.0265797866009704,2,26,"0.909182,0.574464"
500,step_000500,1,13,0.828675954051041,0.8187001828363173,0.0285838160880951,0.0297265943092879,2,28,"1.174613,0.731067"
500,step_000500,1,14,0.7987277667367767,0.7805435219114275,0.0335825424580322,0.0359411753012896,2,30,"1.022297,0.842263"
500,step_000500,2,0,0.9486697492399372,0.9432920259685048,0.0085617550674826,0.0093188078971083,2,2,"0.912953,0.597956"
500,step_000500,2,1,0.9387023288850536,0.935538849887978,0.0102240319074371,0.0105978208945047,2,4,"0.584324,0.499784"
500,step_000500,2,2,0.931683464138602,0.9290404939000556,0.0113934972831671,0.011671590320881,2,6,"0.552739,0.473899"
500,step_000500,2,3,0.922290671180548,0.9184179750388488,0.0129597236815233,0.0134206964245744,2,8,"0.537948,0.383529"
500,step_000500,2,4,0.9127926444797864,0.9094286641105932,0.0145442114291974,0.0148898421132268,2,10,"0.595737,0.386908"
500,step_000500,2,5,0.9038527077353754,0.9012893619126408,0.0160368408611709,0.0162139231938487,2,12,"0.668315,0.348884"
500,step_000500,2,6,0.8893753423491327,0.8818004728270114,0.0184544155529333,0.0193871902890545,2,14,"0.803394,0.373736"
500,step_000500,2,7,0.8758574080801962,0.8662910397709478,0.0207116337412722,0.0219203228235818,2,16,"0.807596,0.398616"
500,step_000500,2,8,0.8610309371275681,0.8511819859157672,0.0231877806765528,0.0243892072059733,2,18,"0.782050,0.426972"
500,step_000500,2,9,0.8435252332260021,0.8303283241524461,0.026107322298001,0.027826444884471,2,20,"0.785638,0.481909"
500,step_000500,2,10,0.8250412334247663,0.8080982077184621,0.0291912058245267,0.0314908778608198,2,22,"0.601727,0.569200"
500,step_000500,2,11,0.8007645301734136,0.7825024639583779,0.033239915841714,0.0356614215757512,2,24,"0.842035,0.602656"
500,step_000500,2,12,0.7683012035742429,0.7521062598175471,0.0386569336506389,0.0406175866045642,2,26,"0.988750,0.607211"
500,step_000500,2,13,0.7350505452164094,0.7183259710314099,0.0442010090832304,0.0461652213036647,2,28,"0.706375,0.653519"
500,step_000500,2,14,0.7013238605526252,0.6844473293095986,0.0498216456627012,0.0517582613441851,2,30,"0.719195,0.541229"
500,step_000500,3,0,0.9493522172047778,0.9455148027014444,0.0084489206732782,0.0089437750990503,2,2,"0.694648,0.528585"
500,step_000500,3,1,0.9405284497774256,0.9378434238288532,0.009920381213509,0.0102101238629773,2,4,"0.541576,0.433521"
500,step_000500,3,2,0.9330322096742764,0.930304779142389,0.011169428110534,0.0114596200331554,2,6,"0.508526,0.406881"
500,step_000500,3,3,0.925939797401819,0.9214960918908612,0.0123509830542333,0.0129157224121422,2,8,"0.486552,0.351070"
500,step_000500,3,4,0.9177655627296524,0.9148001393745544,0.0137132292356588,0.0140214901542104,2,10,"0.438415,0.341982"
500,step_000500,3,5,0.9100282845822326,0.9055600951820768,0.0150042157690392,0.0155291859644792,2,12,"0.547434,0.322498"
500,step_000500,3,6,0.9002110984774429,0.8970436039439763,0.0166427895414657,0.0169151486510341,2,14,"0.522387,0.327562"
500,step_000500,3,7,0.8868693129195581,0.8829053095200844,0.0188700205026876,0.0192280902764957,2,16,"0.547490,0.358930"
500,step_000500,3,8,0.8727746939542907,0.8663688102144979,0.0212223226380948,0.02193565959743,2,18,"0.535949,0.422731"
500,step_000500,3,9,0.8575991774154224,0.8479700668440171,0.023752380730458,0.0249848007209476,2,20,"0.553279,0.451265"
500,step_000500,3,10,0.8348677613923986,0.8246822520959148,0.027542752741865,0.0288178985022854,2,22,"0.628276,0.482787"
500,step_000500,3,11,0.8113026702965218,0.7991586804239784,0.0314726841794091,0.0330243791555939,2,24,"0.658832,0.526569"
500,step_000500,3,12,0.7698697049530988,0.7624439353189844,0.0383815119733895,0.039070645835277,2,26,"0.775033,0.533390"
500,step_000500,3,13,0.7244539593038245,0.7220221545069366,0.0459525615268126,0.0457135346776313,2,28,"0.663369,0.539181"
500,step_000500,3,14,0.6944251738667941,0.6849737374898518,0.0509564924817125,0.0518542395869984,2,30,"0.614653,0.400281"
600,step_000600,0,0,0.9368688980169586,0.9297487088565828,0.010532235528813,0.0115367823257315,2,2,"2.379819,1.934500"
600,step_000600,0,1,0.9305750695143894,0.9247179227232531,0.0115811747661353,0.0123599898848683,2,4,"1.693532,1.484141"
600,step_000600,0,2,0.9263755107547824,0.921648151592408,0.0122806242085834,0.0128712736550119,2,6,"1.688694,1.145144"
600,step_000600,0,3,0.922698411032728,0.9156071328211146,0.0128931092931243,0.0138709790078926,2,8,"1.452560,1.119881"
600,step_000600,0,4,0.9194361637427498,0.9134837765909186,0.013436220969046,0.0142261886994791,2,10,"1.652124,1.055928"
600,step_000600,0,5,0.91516159316315,0.9078268893475012,0.0141478198224911,0.0151675836253835,2,12,"1.297387,0.857236"
600,step_000600,0,6,0.9119828075580326,0.905175301414944,0.0146772661514698,0.0156028150224921,2,14,"1.139775,0.950988"
600,step_000600,0,7,0.9089309763097156,0.9025699969448936,0.0151861015162214,0.0160342495821858,2,16,"1.038630,0.787972"
600,step_000600,0,8,0.9052459289168692,0.8982295798212964,0.015800887708562,0.0167453215662411,2,18,"1.108150,0.810310"
600,step_000600,0,9,0.9009630571718702,0.8945604542658238,0.0165157116986755,0.0173412066737305,2,20,"1.513701,0.614740"
600,step_000600,0,10,0.895002859052814,0.8888325223216574,0.017510976170392,0.0182738547110011,2,22,"1.838048,0.670136"
600,step_000600,0,11,0.888150876211904,0.8805445699501724,0.0186550120795158,0.0196159435568347,2,24,"1.451238,0.669730"
600,step_000600,0,12,0.880834947593338,0.8723509171600828,0.0198768604903331,0.0209533117712074,2,26,"1.725242,0.598988"
600,step_000600,0,13,0.8729278468445366,0.864405994109343,0.0211970488144807,0.0222566832850822,2,28,"1.373941,0.969066"
600,step_000600,0,14,0.8620222815159555,0.8525554818814634,0.02301757747821,0.0241837229194933,2,30,"1.448414,1.018497"
600,step_000600,1,0,0.9530815504445668,0.9485502298421384,0.0078251873888062,0.0084612330001316,2,2,"1.443551,0.975736"
600,step_000600,1,1,0.9437682800268355,0.9417260385335222,0.0093785609070367,0.009587458644164,2,4,"1.144164,1.011538"
600,step_000600,1,2,0.9333599984212884,0.930488208145402,0.0111148977591187,0.0114358448642695,2,6,"1.112139,0.692807"
600,step_000600,1,3,0.926411194369683,0.9226381938680795,0.0122748571955164,0.0127210011113137,2,8,"1.035421,0.604837"
600,step_000600,1,4,0.9188567423005002,0.9161742228744147,0.0135355802778848,0.0137802364609175,2,10,"0.946026,0.629080"
600,step_000600,1,5,0.9118324638588032,0.9071794427981752,0.0147071595586166,0.0152585743366971,2,12,"0.794449,0.678541"
600,step_000600,1,6,0.9061146660062964,0.901311266746678,0.0156602992605257,0.0162234856563715,2,14,"0.874678,0.564687"
600,step_000600,1,7,0.90033435704125,0.8933887554472505,0.0166248730914375,0.0175225765304414,2,16,"0.720876,0.482139"
600,step_000600,1,8,0.8940819665955093,0.8865640921341086,0.0176686075915218,0.0186394442520206,2,18,"0.640137,0.416289"
600,step_000600,1,9,0.8885700527647503,0.8792636217293275,0.0185886724826052,0.0198322578761333,2,20,"0.857554,0.521967"
600,step_000600,1,10,0.8782579909523238,0.8685384660104852,0.0203099746267469,0.0215831248153365,2,22,"0.802746,0.582041"
600,step_000600,1,11,0.8667324070093289,0.8553646736748909,0.022234294487462,0.0237294525258766,2,24,"0.794012,0.491174"
600,step_000600,1,12,0.8517403815839814,0.8412790654555691,0.0247367245977565,0.0260388464975017,2,26,"0.982695,0.599285"
600,step_000600,1,13,0.8335404246225524,0.8231271427340726,0.0277722366220482,0.0290140089352573,2,28,"1.251184,0.669913"
600,step_000600,1,14,0.7997231507162281,0.780856534854521,0.0334144658191832,0.0359054414454716,2,30,"1.130261,0.690322"
600,step_000600,2,0,0.9502080856385547,0.9452997815679725,0.0083053327127282,0.0089885129645828,2,2,"0.893114,0.629981"
600,step_000600,2,1,0.9405950067553638,0.9374497044568127,0.0099086489436951,0.0102834443139699,2,4,"0.562907,0.479235"
600,step_000600,2,2,0.9336097024129916,0.9307151521587508,0.0110723331018115,0.0113977480627936,2,6,"0.544230,0.496412"
600,step_000600,2,3,0.92510412206362,0.9213733103493998,0.0124905028131079,0.0129376185594881,2,8,"0.558526,0.397427"
600,step_000600,2,4,0.9161072656470952,0.9134078800977417,0.0139909851968452,0.0142412489501043,2,10,"0.599010,0.359772"
600,step_000600,2,5,0.9076669245803328,0.9046460534560168,0.0154001920262055,0.0156615252528629,2,12,"0.695521,0.370063"
600,step_000600,2,6,0.8963740088067774,0.8920676853589585,0.0172852987351967,0.0177185949177877,2,14,"0.803662,0.373839"
600,step_000600,2,7,0.8801419649691985,0.8699598050711895,0.0199960067233498,0.0213331788329098,2,16,"0.763908,0.384991"
600,step_000600,2,8,0.863861751583408,0.8537730235166117,0.0227143071412652,0.0239793800813567,2,18,"0.754724,0.486280"
600,step_000600,2,9,0.8440446617486073,0.8292796355368268,0.0260218334954045,0.0280118944215877,2,20,"0.798045,0.605088"
600,step_000600,2,10,0.8309515451290035,0.8144429903903441,0.0282050097762632,0.0304523250813145,2,22,"0.731491,0.524477"
600,step_000600,2,11,0.8114734532667267,0.7956501166591617,0.0314536563117124,0.0335364568957455,2,24,"0.779560,0.568897"
600,step_000600,2,12,0.7861440937973341,0.7706019992449674,0.0356781621201592,0.0376247880261562,2,26,"0.841176,0.579132"
600,step_000600,2,13,0.745687207610699,0.7296121640990286,0.0424266974566769,0.0443394362463055,2,28,"0.839592,0.789174"
600,step_000600,2,14,0.7109427359110532,0.693516175934601,0.0482168481030651,0.050296027058438,2,30,"0.711912,0.610785"
600,step_000600,3,0,0.9498897068721064,0.9462260633615184,0.0083595067800204,0.0088250825108821,2,2,"0.656738,0.527246"
600,step_000600,3,1,0.94152731145846,0.9386546325083552,0.0097540633702572,0.0100766977502317,2,4,"0.519824,0.424745"
600,step_000600,3,2,0.9340034571121608,0.9307569524937248,0.0110072752870922,0.0113891863862181,2,6,"0.511585,0.418337"
600,step_000600,3,3,0.9273122918476684,0.9232306261035852,0.0121223212934695,0.0126299117593215,2,8,"0.466360,0.344653"
600,step_000600,3,4,0.9184872945186452,0.9157707424604552,0.0135930577617506,0.0138569076767452,2,10,"0.458008,0.341330"
600,step_000600,3,5,0.9113848026194282,0.9071998062655414,0.014778057124371,0.0152596471833835,2,12,"0.506712,0.305917"
600,step_000600,3,6,0.9020751895144652,0.8988100110271254,0.0163316465484452,0.0166250343356007,2,14,"0.499093,0.372423"
600,step_000600,3,7,0.8902505261584864,0.8863622256325279,0.018305334113085,0.0186606154813059,2,16,"0.575567,0.339379"
600,step_000600,3,8,0.8784008917393692,0.8734898003425279,0.0202826382469158,0.0207785036494337,2,18,"0.571533,0.398973"
600,step_000600,3,9,0.8620340740687696,0.8534511303978768,0.0230118281728537,0.0240840106444502,2,20,"0.503380,0.448709"
600,step_000600,3,10,0.8377731411997628,0.8247404318607606,0.027058649293583,0.0287997322965211,2,22,"0.673299,0.479281"
600,step_000600,3,11,0.8132693777917012,0.8053710381771668,0.031143982574601,0.0319934386795966,2,24,"0.677520,0.629115"
600,step_000600,3,12,0.7745379933952082,0.765737975430527,0.0376038159225786,0.0385270195239704,2,26,"0.868942,0.530270"
600,step_000600,3,13,0.7255078287959318,0.7168223357448177,0.0457806144732687,0.046553588152064,2,28,"0.703677,0.584807"
600,step_000600,3,14,0.6804803443270341,0.6701954341453744,0.0532855701501141,0.0542870587346825,2,30,"0.660609,0.433794"
700,step_000700,0,0,0.9378707604838132,0.930855657718016,0.0103649231028054,0.0113550311446373,2,2,"2.411322,1.890943"
700,step_000700,0,1,0.9316901790508596,0.925837011603232,0.0113949640069,0.0121777484839799,2,4,"1.742573,1.475597"
700,step_000700,0,2,0.9278782239776912,0.923227701926514,0.0120298638258815,0.0126127757605919,2,6,"1.672444,1.153977"
700,step_000700,0,3,0.9242142725959605,0.9173242239511716,0.0126403325607659,0.0135881141798268,2,8,"1.447453,1.002699"
700,step_000700,0,4,0.9210427697110046,0.9151498499528522,0.0131685113103243,0.0139498386799605,2,10,"1.598114,1.057985"
700,step_000700,0,5,0.9171606925100194,0.909316545114902,0.0138146774856248,0.0149189457137591,2,12,"1.255306,0.935515"
700,step_000700,0,6,0.9137364336071212,0.9072163848306244,0.0143848135298474,0.01526628149083,2,14,"1.110176,1.000005"
700,step_000700,0,7,0.9111960943310888,0.9051527044634872,0.0148083372326988,0.0156091549340979,2,16,"0.992607,0.828654"
700,step_000700,0,8,0.9075039352969692,0.9006220670722317,0.015424342190337,0.0163517432354737,2,18,"1.097945,0.779381"
700,step_000700,0,9,0.9033240141284348,0.8971291961075366,0.0161220001872054,0.0169193870575874,2,20,"1.433725,0.607400"
700,step_000700,0,10,0.8978685312403846,0.8911749823789994,0.0170328896269788,0.0178898778256228,2,22,"1.850776,0.692141"
700,step_000700,0,11,0.8916544000722079,0.8842870664372793,0.0180704495738535,0.0190041471497319,2,24,"1.473717,0.696752"
700,step_000700,0,12,0.8839271108623863,0.8764268378028136,0.0193612187316872,0.0202864359266764,2,26,"1.704425,0.623777"
700,step_000700,0,13,0.8759994682370582,0.8672487754185613,0.0206846783527579,0.0217885720776203,2,28,"1.309279,0.920069"
700,step_000700,0,14,0.8661851785265666,0.8572100045367738,0.0223233559949724,0.0234207975236726,2,30,"1.547977,0.961646"
700,step_000700,1,0,0.9547175462191656,0.9501431652244748,0.0075522770099426,0.008197677581395,2,2,"1.442966,1.000485"
700,step_000700,1,1,0.9461159237084756,0.9438399142441112,0.0089870228256586,0.0092388997110904,2,4,"1.082142,0.991511"
700,step_000700,1,2,0.9362145492328432,0.9329924774167196,0.0106387228085098,0.0110250492092931,2,6,"1.082891,0.719435"
700,step_000700,1,3,0.929144066641598,0.9254263463130836,0.0118189587414447,0.0122656134049481,2,8,"1.038712,0.564693"
700,step_000700,1,4,0.9216474711203833,0.9188783813413868,0.0130701759672559,0.0133386090999632,2,10,"0.970634,0.623729"
700,step_000700,1,5,0.9146402755290368,0.9103465674244277,0.0142386842268408,0.0147402605790862,2,12,"0.787054,0.688288"
700,step_000700,1,6,0.9091619723746464,0.904304771426894,0.0151521394864222,0.0157328238794136,2,14,"0.892893,0.593435"
700,step_000700,1,7,0.9032522239986096,0.8960064966096971,0.0161381643988383,0.0170940888636906,2,16,"0.732927,0.501654"
700,step_000700,1,8,0.8974931096624372,0.8900936911322267,0.0170995038729751,0.018061455519824,2,18,"0.696052,0.416669"
700,step_000700,1,9,0.892502835093205,0.8838263072427622,0.0179319231428388,0.0190966612818028,2,20,"0.807669,0.500908"
700,step_000700,1,10,0.8822032180819216,0.8739772656783827,0.0196508178019012,0.0206957042719226,2,22,"0.814246,0.546746"
700,step_000700,1,11,0.8714009800895973,0.861999860822141,0.0214542686974497,0.0226564300404212,2,24,"0.775352,0.532803"
700,step_000700,1,12,0.8571448544353865,0.847249341223724,0.0238337785236991,0.0250676139628243,2,26,"0.976257,0.631415"
700,step_000700,1,13,0.8393743066300021,0.830600552635261,0.0267989757147785,0.0277966013882151,2,28,"1.098290,0.617266"
700,step_000700,1,14,0.807533229381756,0.7886326461508711,0.0321128075543992,0.0346169418746066,2,30,"1.176872,0.745567"
700,step_000700,2,0,0.9515427140777836,0.9468316593694616,0.0080825195113264,0.0087376264438544,2,2,"0.851152,0.614883"
700,step_000700,2,1,0.9426880549219644,0.9394905409540172,0.0095593385970036,0.0099481521810076,2,4,"0.530957,0.476371"
700,step_000700,2,2,0.936296121357335,0.9331280255571142,0.0106242359865785,0.0110002305315696,2,6,"0.533977,0.490164"
700,step_000700,2,3,0.9281606709872804,0.924804299601012,0.0119806626841083,0.0123730899582461,2,8,"0.566990,0.442458"
700,step_000700,2,4,0.919758910080839,0.9164607836603323,0.0133822246988247,0.0137386767357188,2,10,"0.573165,0.383475"
700,step_000700,2,5,0.9103437348364768,0.907929108470939,0.0149544545321358,0.0151242018180467,2,12,"0.642648,0.348186"
700,step_000700,2,6,0.8974260098843763,0.8901101328295556,0.017111111769965,0.0180229629275721,2,14,"0.875874,0.370242"
700,step_000700,2,7,0.8838762780691889,0.874741176646269,0.0193734302539715,0.020545360183354,2,16,"0.809774,0.393051"
700,step_000700,2,8,0.8682025986008948,0.8567523242018692,0.0219896841650463,0.0234965223148119,2,18,"0.822926,0.480834"
700,step_000700,2,9,0.8531088356208046,0.8390082136933167,0.024507602136972,0.026411991829025,2,20,"0.807914,0.614895"
700,step_000700,2,10,0.8369637746280523,0.8206849237103057,0.0272018187323024,0.0294387025864945,2,22,"0.714566,0.556418"
700,step_000700,2,11,0.8176523413264283,0.8037132889311462,0.0304229755237939,0.0322109095697993,2,24,"0.765476,0.498363"
700,step_000700,2,12,0.7919860488651883,0.7768410307618626,0.0347039615855627,0.0366023036536098,2,26,"0.792238,0.551932"
700,step_000700,2,13,0.7445910365695755,0.7271514731391803,0.0426104398068067,0.0447613115107618,2,28,"0.809355,0.752418"
700,step_000700,2,14,0.7176801689890943,0.6997704594578243,0.0470949744153043,0.0492686586649094,2,30,"0.859449,0.712651"
700,step_000700,3,0,0.9513027964066324,0.9475039317093452,0.0081237719160598,0.0086165977721413,2,2,"0.634125,0.535135"
700,step_000700,3,1,0.9437685714189946,0.941145775233404,0.009380216292166,0.0096647820516463,2,4,"0.487783,0.397729"
700,step_000700,3,2,0.9365460549312806,0.9328719671488278,0.0105833828514522,0.0110403633073803,2,6,"0.535970,0.412867"
700,step_000700,3,3,0.9298859730485765,0.9255860071742076,0.0116930870732406,0.0122417987768067,2,8,"0.449691,0.363523"
700,step_000700,3,4,0.9219172296775096,0.9196329262178444,0.0130210049500423,0.0132216505800939,2,10,"0.466204,0.348716"
700,step_000700,3,5,0.9148608670369224,0.9114367553552856,0.0141982469911324,0.0145611884743985,2,12,"0.480615,0.277844"
700,step_000700,3,6,0.904314169520263,0.9003226935768059,0.0159577825241093,0.0163780660368653,2,14,"0.481954,0.338384"
700,step_000700,3,7,0.893767351633862,0.889235402251694,0.017717880972543,0.0181957161135076,2,16,"0.569653,0.329296"
700,step_000700,3,8,0.8797366624917363,0.8742480367832587,0.0200580763933237,0.0206618632924453,2,18,"0.569271,0.413663"
700,step_000700,3,9,0.8627907870697534,0.8516928576617343,0.0228832899988182,0.0243918876857968,2,20,"0.573893,0.445689"
700,step_000700,3,10,0.8432943923289571,0.8341069089662478,0.0261324795236238,0.0272847566142634,2,22,"0.691119,0.563580"
700,step_000700,3,11,0.8107173039478243,0.8007061032319968,0.0315651321619125,0.0327928948525977,2,24,"0.617873,0.600198"
700,step_000700,3,12,0.778724369196337,0.7667346446596625,0.0369036289584897,0.038364747846476,2,26,"0.936847,0.586497"
700,step_000700,3,13,0.7281697127395711,0.7213370966741827,0.0453354940383491,0.0458073160591149,2,28,"0.676573,0.601072"
700,step_000700,3,14,0.691200664807706,0.6783121634618817,0.0514986623105142,0.0529617497960059,2,30,"0.738660,0.456278"
800,step_000800,0,0,0.9399710418632984,0.9337376289835362,0.010014877500233,0.0108838508148816,2,2,"2.735811,1.864521"
800,step_000800,0,1,0.9331644809858564,0.9274650142326768,0.0111492268128859,0.0119131377378484,2,4,"1.771593,1.607038"
800,step_000800,0,2,0.9290180627124032,0.9247356633603524,0.0118399299475929,0.0123668427526971,2,6,"1.733638,1.177484"
800,step_000800,0,3,0.9254645465834996,0.919003397065413,0.0124321425863605,0.0133119523683148,2,8,"1.348691,0.977730"
800,step_000800,0,4,0.9216538348438584,0.9155118763438982,0.0130667005611085,0.0138923644487777,2,10,"1.585526,1.066316"
800,step_000800,0,5,0.9184660563001686,0.9103324302465876,0.0135973140418275,0.0147518799932969,2,12,"1.301465,0.866164"
800,step_000800,0,6,0.9148465899429076,0.908212327203088,0.0141999947974933,0.0151010429974208,2,14,"1.167013,0.971510"
800,step_000800,0,7,0.9123081941109564,0.905866889703668,0.0146231536572789,0.0154932909702941,2,16,"1.023855,0.813617"
800,step_000800,0,8,0.9090377222697748,0.90231662347106,0.015168820646636,0.0160737738396477,2,18,"1.182334,0.784360"
800,step_000800,0,9,0.9046519536581203,0.8989317929948043,0.0159006950780002,0.0166252339105499,2,20,"1.280451,0.636740"
800,step_000800,0,10,0.899598596284914,0.8928981001380132,0.0167445021784547,0.0176084755421284,2,22,"1.657941,0.683570"
800,step_000800,0,11,0.8941155691686061,0.8873728866398664,0.0176596508801492,0.0185011002244925,2,24,"1.500283,0.681353"
800,step_000800,0,12,0.8863970500413173,0.8794855022713625,0.0189489329532608,0.0197945870608522,2,26,"1.720782,0.658405"
800,step_000800,0,13,0.8807585580464125,0.8729599449943518,0.0198898854049194,0.0208651055516463,2,28,"1.384737,0.893758"
800,step_000800,0,14,0.8721813647367439,0.8630984531042758,0.0213211689563546,0.0224773988821966,2,30,"1.522689,0.923189"
800,step_000800,1,0,0.955468366911758,0.9510607558883276,0.0074271710485973,0.0080468389183667,2,2,"1.436241,1.006694"
800,step_000800,1,1,0.9473387135379144,0.9447842015853176,0.0087832831327845,0.0090830211558367,2,4,"1.045983,0.934653"
800,step_000800,1,2,0.9377595416975826,0.9343014691477716,0.0103811836867668,0.0108088680732679,2,6,"1.069133,0.768923"
800,step_000800,1,3,0.9305054153886148,0.9266243624152634,0.0115920459808485,0.0120668128966712,2,8,"1.039789,0.591945"
800,step_000800,1,4,0.9230633478666926,0.9202256345760635,0.0128343369543433,0.0131163948028744,2,10,"0.994299,0.577666"
800,step_000800,1,5,0.916172339615516,0.9121668532717304,0.0139835651099566,0.0144365598827479,2,12,"0.756703,0.688278"
800,step_000800,1,6,0.9088441747531444,0.9035806291027644,0.0152057300635813,0.0158454104490361,2,14,"0.864879,0.598893"
800,step_000800,1,7,0.9038344862891848,0.8968503146048713,0.0160414364885554,0.0169503304545303,2,16,"0.792783,0.463322"
800,step_000800,1,8,0.8982551652595907,0.8909896962452617,0.0169726010760056,0.0179121585064758,2,18,"0.687669,0.420012"
800,step_000800,1,9,0.8925789790532423,0.8838261685312038,0.0179192116236041,0.0190889752986239,2,20,"0.855631,0.520795"
800,step_000800,1,10,0.882644683443471,0.8756106021193796,0.0195768461461552,0.0204277732311756,2,22,"0.868504,0.492760"
800,step_000800,1,11,0.8733333517845846,0.8653716084987133,0.0211305213156851,0.0221079162074383,2,24,"0.823018,0.614149"
800,step_000800,1,12,0.860329620208467,0.8520936624099362,0.0233007487200374,0.0242768086875411,2,26,"0.911295,0.685664"
800,step_000800,1,13,0.841661792624667,0.833498821925441,0.0264154743812397,0.0273162218472498,2,28,"1.322025,0.614682"
800,step_000800,1,14,0.8118389103071589,0.7968312190326658,0.0313920412448375,0.0332804939847007,2,30,"1.177284,0.674005"
800,step_000800,2,0,0.9526946750363212,0.9482148364705576,0.0078904051337849,0.0085109920752881,2,2,"0.815661,0.609157"
800,step_000800,2,1,0.9442385433962504,0.9413723555864676,0.0093009046747081,0.0096381945026723,2,4,"0.505402,0.479756"
800,step_000800,2,2,0.938011776647739,0.9348475178922284,0.0103382870705421,0.010715385719908,2,6,"0.507374,0.498952"
800,step_000800,2,3,0.9302402619747532,0.9271822790799408,0.0116338976629243,0.0119817600378399,2,8,"0.599581,0.453302"
800,step_000800,2,4,0.9219231077218488,0.9183615134661728,0.0130212696349615,0.0134256036576002,2,10,"0.604017,0.381739"
800,step_000800,2,5,0.91333228902064,0.9101598502924994,0.0144556304734348,0.0147617921533161,2,12,"0.697573,0.358876"
800,step_000800,2,6,0.9042816096438436,0.8992946645212196,0.015966138436108,0.0165357435125904,2,14,"0.757351,0.392650"
800,step_000800,2,7,0.8874437569020667,0.8776502886610146,0.0187781791222729,0.0200691366427494,2,16,"0.740207,0.417772"
800,step_000800,2,8,0.8714055393939004,0.8588438516492926,0.021455909741194,0.0231480678952953,2,18,"0.751508,0.498614"
800,step_000800,2,9,0.8561508948114676,0.8427610280644385,0.0240017870176614,0.0257873550204986,2,20,"0.761981,0.548321"
800,step_000800,2,10,0.8376550815877284,0.8240460205618625,0.0270870225033964,0.0288838955899022,2,22,"0.915931,0.543561"
800,step_000800,2,11,0.819887728595141,0.806881759262712,0.0300504468342076,0.0316869282501968,2,24,"0.794540,0.468530"
800,step_000800,2,12,0.7941838983129982,0.7790671144780924,0.0343385255314266,0.0362280324375975,2,26,"0.870083,0.579957"
800,step_000800,2,13,0.7618734641918413,0.7446427658655215,0.0397263115135049,0.0418743203059009,2,28,"1.003749,0.778756"
800,step_000800,2,14,0.7244972431500742,0.7076843815915298,0.0459589751578608,0.0479715507504541,2,30,"0.802220,0.587637"
800,step_000800,3,0,0.952615538790788,0.9488332458278724,0.0079048632702562,0.0083993101968762,2,2,"0.621053,0.521105"
800,step_000800,3,1,0.9452106596502478,0.9426535357862988,0.0091397582378336,0.0094172212846408,2,4,"0.470628,0.381020"
800,step_000800,3,2,0.9381875704927064,0.934594166124876,0.0103098441648434,0.0107562084472749,2,6,"0.567017,0.403615"
800,step_000800,3,3,0.931235419539696,0.9271327800179135,0.0114682094356271,0.0119857994899874,2,8,"0.447063,0.363355"
800,step_000800,3,4,0.9236848029062856,0.921246096110884,0.0127265946243891,0.0129548635667856,2,10,"0.497767,0.353111"
800,step_000800,3,5,0.9166728114680732,0.9132809178625092,0.013896032263102,0.0142591904688368,2,12,"0.466443,0.284616"
800,step_000800,3,6,0.9069177439678962,0.9027688411966864,0.0155241524858046,0.0159781350621956,2,14,"0.438474,0.340076"
800,step_000800,3,7,0.8959067446481336,0.8903324270647278,0.0173616192786086,0.0180173849455834,2,16,"0.568568,0.342094"
800,step_000800,3,8,0.8842583353354961,0.8769712504619017,0.0193057145967029,0.0202138014931845,2,18,"0.654437,0.403177"
800,step_000800,3,9,0.867762880694379,0.8574868041167543,0.0220561988544261,0.0234255511453022,2,20,"0.538566,0.460372"
800,step_000800,3,10,0.8418031279775713,0.8321030658700672,0.0263872867583108,0.0276064679954352,2,22,"0.705323,0.505364"
800,step_000800,3,11,0.8147025908507867,0.8073220752568453,0.0309052941610552,0.0316773304322741,2,24,"0.671793,0.588739"
800,step_000800,3,12,0.7624838643083197,0.7474080790187742,0.039621070597036,0.0414820075962644,2,26,"0.853186,0.559273"
800,step_000800,3,13,0.7251200066194697,0.7175405548852195,0.04585176753127,0.0464040332119311,2,28,"0.719709,0.610007"
800,step_000800,3,14,0.6810378978211333,0.6711997023180521,0.0532011143090192,0.0540963331061815,2,30,"0.759746,0.488112"
900,step_000900,0,0,0.9394868571704916,0.9329577269852016,0.0100953278381733,0.0110118454173821,2,2,"2.593290,1.836527"
900,step_000900,0,1,0.9331732811698976,0.9274774192049384,0.011147528283696,0.0119103732544763,2,4,"1.716502,1.538608"
900,step_000900,0,2,0.9293091824506896,0.9247157407094772,0.0117910327576044,0.0123703981150033,2,6,"1.681577,1.198232"
900,step_000900,0,3,0.9261114458470192,0.9195153959776596,0.0123239879400805,0.0132279142250212,2,8,"1.360394,0.949239"
900,step_000900,0,4,0.9226681592342038,0.9164767806335168,0.0128975793568503,0.0137325350203151,2,10,"1.717355,1.003949"
900,step_000900,0,5,0.9196385749330832,0.9116558705544175,0.0134018116972696,0.0145321124443752,2,12,"1.282418,0.972879"
900,step_000900,0,6,0.9160068401216618,0.9098525689404996,0.0140065134273237,0.0148313878376779,2,14,"1.144615,0.949236"
900,step_000900,0,7,0.9133824614128055,0.907084405883332,0.0144438386088869,0.0152928475378686,2,16,"1.019859,0.773670"
900,step_000900,0,8,0.9104777563925768,0.9035922415068786,0.0149283240792011,0.0158646189129826,2,18,"1.248024,0.857822"
900,step_000900,0,9,0.9072543634604516,0.9010941546001378,0.0154660693600873,0.0162710141832147,2,20,"1.336388,0.629627"
900,step_000900,0,10,0.9034996467044928,0.8970595963467627,0.0160929577271863,0.0169318570918927,2,22,"1.459730,0.713029"
900,step_000900,0,11,0.8965894126764414,0.88966537584361,0.01724670582905,0.0181251996102244,2,24,"1.466500,0.660100"
900,step_000900,0,12,0.8883305123150379,0.8808719454722653,0.018626137953531,0.019567767778769,2,26,"1.345258,0.802546"
900,step_000900,0,13,0.8819950432939634,0.8742613068306976,0.0196841652716301,0.0206450878916181,2,28,"1.462920,0.781377"
900,step_000900,0,14,0.8715812893470081,0.8647344425895619,0.0214226602576387,0.0222047129491601,2,30,"1.433385,0.912157"
900,step_000900,1,0,0.9566094243596956,0.9522420582137467,0.0072366494264425,0.0078523003585137,2,2,"1.430310,1.017627"
900,step_000900,1,1,0.9485688779784952,0.9458461191099928,0.0085779428748551,0.0089086168387642,2,4,"1.054707,0.903000"
900,step_000900,1,2,0.9395882302612129,0.9362531883441192,0.0100759314229287,0.0104901209808665,2,6,"1.100289,0.744654"
900,step_000900,1,3,0.9325113054646784,0.9286622502122324,0.0112571881577735,0.0117351450228253,2,8,"1.017031,0.592669"
900,step_000900,1,4,0.92499337182117,0.9220136458903352,0.0125122856714747,0.0128225161262477,2,10,"0.941722,0.564695"
900,step_000900,1,5,0.9183637482804036,0.9141430559835136,0.0136178104486035,0.0141133162798337,2,12,"0.755391,0.725156"
900,step_000900,1,6,0.9112573752425286,0.9060309459843908,0.0148032751846108,0.0154431073990928,2,14,"0.889720,0.572407"
900,step_000900,1,7,0.9054971611255908,0.8984550362668228,0.0157641532782162,0.0166871614846686,2,16,"0.804052,0.477585"
900,step_000900,1,8,0.9006106913047764,0.8932190420659384,0.0165795725120131,0.017543792124295,2,18,"0.666354,0.447952"
900,step_000900,1,9,0.8948468756323527,0.8864885815992634,0.0175410795048374,0.0186537551484497,2,20,"0.845453,0.590037"
900,step_000900,1,10,0.8862329832235782,0.87895810581619,0.0189785586329932,0.0198736824024403,2,22,"0.915331,0.552067"
900,step_000900,1,11,0.8777509760792594,0.8703199855834861,0.0203938159775894,0.0212879573718519,2,24,"0.832433,0.534980"
900,step_000900,1,12,0.8659465022276273,0.8586832116823077,0.0223634938379324,0.0231935632160951,2,26,"0.850830,0.604841"
900,step_000900,1,13,0.8472170011015517,0.838875132461402,0.0254884493283918,0.0264314651263849,2,28,"1.336881,0.583638"
900,step_000900,1,14,0.8236208890108067,0.8091820536485876,0.0294262133084347,0.0312649462034411,2,30,"1.157098,0.639128"
900,step_000900,2,0,0.9541433517286996,0.9497421702154032,0.007648412039321,0.0082588512149808,2,2,"0.819504,0.607012"
900,step_000900,2,1,0.9459800481294875,0.942715604153407,0.0090102585715151,0.0094181383560838,2,4,"0.505932,0.490567"
900,step_000900,2,2,0.9402184503474228,0.9372173924596076,0.0099703104075769,0.0103249704114589,2,6,"0.508431,0.484747"
900,step_000900,2,3,0.9331372214631356,0.930249690993454,0.0111508812879368,0.0114772358397359,2,8,"0.549922,0.469055"
900,step_000900,2,4,0.9249974382548832,0.921452938182338,0.0125086935798215,0.012918506744296,2,10,"0.628041,0.396451"
900,step_000900,2,5,0.9170743273415528,0.914352518816684,0.0138311964483978,0.0140760481363928,2,12,"0.698329,0.378595"
900,step_000900,2,6,0.9083397315644772,0.9035166644707824,0.0152890161013485,0.0158453348369518,2,14,"0.718464,0.379833"
900,step_000900,2,7,0.891461658881512,0.8797052703245966,0.0181077687535564,0.0197338490636369,2,16,"0.734492,0.408010"
900,step_000900,2,8,0.8763805520041735,0.8643836740717658,0.0206251455445008,0.0222468836759569,2,18,"0.811793,0.467100"
900,step_000900,2,9,0.8622000019259181,0.8489992619784935,0.0229915587958694,0.0247683924245221,2,20,"0.774413,0.552489"
900,step_000900,2,10,0.8479678667620911,0.8335135475980247,0.0253653405416778,0.0273334998312921,2,22,"0.800697,0.498500"
900,step_000900,2,11,0.8289909707706148,0.8160428317142788,0.0285316778202659,0.0301880376073914,2,24,"0.734614,0.466913"
900,step_000900,2,12,0.806613261211598,0.7931883863928245,0.0322649275743761,0.0339181603217183,2,26,"0.837012,0.588134"
900,step_000900,2,13,0.773791299094951,0.7553548412503104,0.037736521235599,0.0401296149828691,2,28,"0.910044,0.700400"
900,step_000900,2,14,0.7363926404655002,0.7196171711632804,0.0439721917628327,0.0460192264507816,2,30,"0.784321,0.625180"
900,step_000900,3,0,0.9541226896040124,0.9504800384748032,0.0076531246824575,0.0081294630433241,2,2,"0.628536,0.513373"
900,step_000900,3,1,0.9467983568103512,0.9444832285131484,0.0088746160781361,0.0091177711337936,2,4,"0.470679,0.384436"
900,step_000900,3,2,0.9401146467652718,0.9364633126763484,0.0099882813912033,0.0104500296420687,2,6,"0.517682,0.397470"
900,step_000900,3,3,0.9333185744761514,0.9296608845976406,0.0111208566392269,0.0115714412207283,2,8,"0.417835,0.338866"
900,step_000900,3,4,0.9261054478417364,0.922959160921202,0.012322819052546,0.0126777440933189,2,10,"0.501638,0.380777"
900,step_000900,3,5,0.9198942242527448,0.9168774421782808,0.0133585275770081,0.0136723452132696,2,12,"0.480609,0.286551"
900,step_000900,3,6,0.9115472051112846,0.9078688750045308,0.0147514399502533,0.0151466899806067,2,14,"0.452951,0.347730"
900,step_000900,3,7,0.9035713608198798,0.8990033989131252,0.0160819178351845,0.0166042479777431,2,16,"0.539370,0.335733"
900,step_000900,3,8,0.8913365682570932,0.8841330144920189,0.0181240994255727,0.0190415122631708,2,18,"0.562420,0.384995"
900,step_000900,3,9,0.8752289742829991,0.8651272229934669,0.0208109838320195,0.0221693525276144,2,20,"0.508021,0.452529"
900,step_000900,3,10,0.8510494173490925,0.8394916047373008,0.0248446039239917,0.026395574449867,2,22,"0.632030,0.463422"
900,step_000900,3,11,0.8270761373523966,0.8173164112244908,0.0288417959596919,0.0300402774113333,2,24,"0.743732,0.580673"
900,step_000900,3,12,0.7806397481841718,0.7673251295171899,0.0365933967441297,0.0382011448295412,2,26,"0.834152,0.569084"
900,step_000900,3,13,0.7423562721932925,0.7301158549842645,0.0429780105412433,0.0443379340564918,2,28,"0.716189,0.597610"
900,step_000900,3,14,0.7017603692432415,0.6900360937873469,0.0497465930723497,0.0509537020263812,2,30,"0.770979,0.522171"
1000,step_001000,0,0,0.9394273637480705,0.93234794095046,0.0101047085265809,0.0111142202524797,2,2,"2.563044,1.882995"
1000,step_001000,0,1,0.9336014385270924,0.9279221723512412,0.0110757939773221,0.0118393207210335,2,4,"1.771130,1.428779"
1000,step_001000,0,2,0.9299560775325132,0.9247562115349112,0.0116828079807642,0.0123661755163302,2,6,"1.537503,1.224830"
1000,step_001000,0,3,0.9269377440434976,0.92097727036291,0.0121857642419732,0.012989791633102,2,8,"1.368837,1.012987"
1000,step_001000,0,4,0.923082347672699,0.916309510913168,0.0128277728880142,0.0137614081490744,2,10,"1.645283,1.017571"
1000,step_001000,0,5,0.9204703996457644,0.9133069733671584,0.0132627730986375,0.0142652771691966,2,12,"1.504071,0.915529"
1000,step_001000,0,6,0.917830478992835,0.9112877685550071,0.0137024604072243,0.0145953442855079,2,14,"1.311598,0.934059"
1000,step_001000,0,7,0.9150670177134004,0.9086798774671182,0.0141628218102481,0.0150325350581698,2,16,"0.956634,0.774505"
1000,step_001000,0,8,0.91265226977518,0.9065530114816196,0.0145655928421666,0.0153774244240834,2,18,"1.155663,0.935047"
1000,step_001000,0,9,0.909822298362538,0.903677024857231,0.015037525462821,0.0158526722898959,2,20,"1.225484,0.640671"
1000,step_001000,0,10,0.9061419221324384,0.900021615530148,0.0156520238927365,0.0164477836837823,2,22,"1.295512,0.711478"
1000,step_001000,0,11,0.8999140821577769,0.8925672675904259,0.0166918449377541,0.0176520509208953,2,24,"1.712868,0.663679"
1000,step_001000,0,12,0.8925812225885684,0.885828719459487,0.0179159660414688,0.0187601086308343,2,26,"1.655885,0.697205"
1000,step_001000,0,13,0.8873091042498805,0.8800812186065015,0.0187959532194014,0.0197025769318957,2,28,"1.288990,0.860864"
1000,step_001000,0,14,0.8781343676348635,0.8705880277278765,0.0203274983301891,0.0212564291868826,2,30,"1.415313,0.929587"
1000,step_001000,1,0,0.9577186637132494,0.9532545072481734,0.0070514269671347,0.0076859935236876,2,2,"1.451864,1.010856"
1000,step_001000,1,1,0.9499096035925269,0.9472574079101532,0.0083541359595687,0.0086778649627408,2,4,"1.049090,0.880974"
1000,step_001000,1,2,0.9418074449123138,0.9384827496014166,0.0097055102040064,0.0101240731566006,2,6,"1.114233,0.717380"
1000,step_001000,1,3,0.9353652371006524,0.9314942779632626,0.0107807230753029,0.0112714681208229,2,8,"1.016894,0.598629"
1000,step_001000,1,4,0.9283923291251314,0.9253590451626956,0.0119448586292397,0.0122760486044824,2,10,"0.991360,0.553231"
1000,step_001000,1,5,0.9215821856845072,0.9170076627217002,0.0130805090131913,0.0136496404447771,2,12,"0.783684,0.696051"
1000,step_001000,1,6,0.9152459220134882,0.9089027980415788,0.0141374324756682,0.0149789402700827,2,14,"0.911157,0.654504"
1000,step_001000,1,7,0.9090502429006154,0.9018964263546708,0.0151710850135812,0.0161239001653491,2,16,"0.754679,0.474301"
1000,step_001000,1,8,0.903907605804694,0.8968010352732142,0.0160291780809668,0.0169594660327768,2,18,"0.647522,0.490319"
1000,step_001000,1,9,0.8982219102951525,0.8905448279882314,0.0169775884846354,0.0179943518941808,2,20,"0.758205,0.677292"
1000,step_001000,1,10,0.8887256738610357,0.881211812583151,0.0185629842832096,0.0195043923228453,2,22,"0.831951,0.554922"
1000,step_001000,1,11,0.8800826157229574,0.8722607311916827,0.0200054996864153,0.0209688225991108,2,24,"0.930699,0.500145"
1000,step_001000,1,12,0.8703616439303775,0.8639730725415841,0.0216268469508925,0.0223328490520446,2,26,"0.877551,0.639560"
1000,step_001000,1,13,0.8522943231668334,0.8423861746478319,0.0246427216046447,0.0258560540592959,2,28,"1.080692,0.617375"
1000,step_001000,1,14,0.8317540519574232,0.8181553097783091,0.0280713570388231,0.0297962203640343,2,30,"1.161734,0.614383"
1000,step_001000,2,0,0.9553645601091468,0.9511592646130476,0.0074443719019324,0.0080266083578121,2,2,"0.819226,0.620043"
1000,step_001000,2,1,0.9477679616066697,0.944205385769232,0.0087117076298355,0.0091739252787432,2,4,"0.524631,0.494847"
1000,step_001000,2,2,0.9422784088573084,0.9392467601365112,0.0096265675246862,0.0099913015036314,2,6,"0.508801,0.469038"
1000,step_001000,2,3,0.936261357690329,0.9336565767926484,0.0106298722142936,0.0109153066107928,2,8,"0.517465,0.500823"
1000,step_001000,2,4,0.9281822275065302,0.9249211601733694,0.0119774206771923,0.0123495373746517,2,10,"0.599792,0.401242"
1000,step_001000,2,5,0.9192878234164912,0.916452683052104,0.0134620843764372,0.013731209590028,2,12,"0.629019,0.389232"
1000,step_001000,2,6,0.9103330856724804,0.9043159140253154,0.0149567913156237,0.0157067288002734,2,14,"0.854028,0.406388"
1000,step_001000,2,7,0.8967315231170128,0.8852653970754916,0.017227746304604,0.0188270084029538,2,16,"0.793549,0.399602"
1000,step_001000,2,8,0.8819014720364547,0.8702213720592663,0.0197029577004338,0.0212914131301925,2,18,"0.785951,0.523546"
1000,step_001000,2,9,0.8692418360489503,0.8562998139705864,0.0218157244466727,0.0235784105023596,2,20,"0.727179,0.544078"
1000,step_001000,2,10,0.8542267515234386,0.8399014270843302,0.0243204927498209,0.0262837765781343,2,22,"0.715765,0.491515"
1000,step_001000,2,11,0.8365318385642099,0.8235722674723274,0.0272746768700754,0.0289404459902243,2,24,"0.742721,0.478540"
1000,step_001000,2,12,0.8165763362172936,0.8029258303448329,0.0306044657485482,0.0323116908477743,2,26,"0.857770,0.533969"
1000,step_001000,2,13,0.7838332066731072,0.7667379306426074,0.0360624072116063,0.0382566347209958,2,28,"0.875832,0.661927"
1000,step_001000,2,14,0.7465630557488917,0.7270337147825819,0.0422761844814769,0.0447985673703023,2,30,"0.776984,0.637430"
1000,step_001000,3,0,0.9555650088016509,0.9517474576399868,0.0074123999292481,0.0079219340474142,2,2,"0.611833,0.528414"
1000,step_001000,3,1,0.9486974077928138,0.9461344919661538,0.0085577606418357,0.008845676693904,2,4,"0.452209,0.412981"
1000,step_001000,3,2,0.9420069955001426,0.9382316791140388,0.0096726290049346,0.0101579728257727,2,6,"0.496164,0.412155"
1000,step_001000,3,3,0.935765766984945,0.9318219421671756,0.0107124109972025,0.0112186335303479,2,8,"0.420591,0.317349"
1000,step_001000,3,4,0.928714646936032,0.9254467129240516,0.0118876005596892,0.0122716030421927,2,10,"0.460983,0.367287"
1000,step_001000,3,5,0.9212349430526752,0.9178127408164016,0.0131353081718831,0.0135162897190422,2,12,"0.501007,0.319614"
1000,step_001000,3,6,0.914320172904035,0.9112353676261772,0.0142892551905305,0.0145907414285827,2,14,"0.435223,0.348788"
1000,step_001000,3,7,0.9035060670398504,0.898475805948677,0.0160938152985097,0.016677048556054,2,16,"0.502637,0.297020"
1000,step_001000,3,8,0.8917651390411795,0.8850695471963018,0.0180529820131675,0.0188850693205879,2,18,"0.626077,0.419187"
1000,step_001000,3,9,0.8788354069364829,0.8686147099124355,0.0202098577067028,0.0215863175637026,2,20,"0.557630,0.435608"
1000,step_001000,3,10,0.8541763034220816,0.8424007448210377,0.0243230494269157,0.0259192712708983,2,22,"0.583328,0.484135"
1000,step_001000,3,11,0.8178643783355022,0.807659816042773,0.0303842792533227,0.0315901565236776,2,24,"0.973819,0.524876"
1000,step_001000,3,12,0.7808085761178694,0.7689424318046045,0.0365669906739492,0.0379409383762802,2,26,"0.816108,0.558905"
1000,step_001000,3,13,0.7411848536061303,0.7275938903084063,0.0431785882447973,0.0447057124492139,2,28,"0.612850,0.582223"
1000,step_001000,3,14,0.6986395313542814,0.683043094558521,0.0502726795551293,0.052097699730316,2,30,"0.885835,0.562981"
1100,step_001100,0,0,0.9418362148593484,0.9355651858674684,0.0097033345782937,0.010583893899979,2,2,"2.742695,1.811886"
1100,step_001100,0,1,0.935744518690684,0.930074570313629,0.010718669703206,0.0114853614923155,2,4,"1.698515,1.569591"
1100,step_001100,0,2,0.932279022898282,0.9271397056941304,0.0112958445769056,0.0119740456790238,2,6,"1.617192,1.253390"
1100,step_001100,0,3,0.9295262962837302,0.9239594945863984,0.0117546336703452,0.0124971567771465,2,8,"1.385917,1.117429"
1100,step_001100,0,4,0.9266723369251562,0.9197006955870192,0.0122301983811216,0.0131984965983277,2,10,"1.557176,1.107655"
1100,step_001100,0,5,0.9236117166455164,0.9161384769551768,0.0127396817847632,0.0137959285214487,2,12,"1.221615,0.899051"
1100,step_001100,0,6,0.9203485830991244,0.914308040803803,0.0132829116975681,0.0140947551154139,2,14,"1.247685,0.908125"
1100,step_001100,0,7,0.9176049780935364,0.9113829124099552,0.0137400065520596,0.0145838626771515,2,16,"0.998816,0.789613"
1100,step_001100,0,8,0.915410345727949,0.9091872737648244,0.0141060124809856,0.0149423302682759,2,18,"1.114184,0.937680"
1100,step_001100,0,9,0.912096103605508,0.9058000933256936,0.0146587970406928,0.0154990766341978,2,20,"1.187245,0.687126"
1100,step_001100,0,10,0.9081997139512458,0.9021606026244569,0.0153092882220221,0.0160913694137138,2,22,"1.184143,0.690088"
1100,step_001100,0,11,0.9023993420584698,0.8954046433780717,0.0162776842387168,0.0171845149853257,2,24,"1.553384,0.679875"
1100,step_001100,0,12,0.8952646995133297,0.8898623792492769,0.0174688758057821,0.0180875798317971,2,26,"1.743453,0.682954"
1100,step_001100,0,13,0.8896862354136492,0.8823722532750867,0.0183998772396643,0.0193152507784202,2,28,"1.509536,0.829965"
1100,step_001100,0,14,0.8821766609002323,0.8750621931491064,0.0196528832420398,0.0205166793359276,2,30,"1.241076,0.769079"
1100,step_001100,1,0,0.9590892567934196,0.9548558890627992,0.0068230560553138,0.0074213245199551,2,2,"1.433251,1.046233"
1100,step_001100,1,1,0.9515505336897672,0.9487653494830622,0.0080807590521898,0.0084282972134576,2,4,"1.000723,0.848468"
1100,step_001100,1,2,0.9436108193831148,0.9395002770324462,0.009405110378197,0.0099533639699157,2,6,"1.034771,0.753582"
1100,step_001100,1,3,0.9371756000950032,0.9333419971485648,0.0104791197020603,0.0109639466663096,2,8,"1.035939,0.594252"
1100,step_001100,1,4,0.9302336698355572,0.927142683509532,0.0116381435575444,0.011980286208158,2,10,"0.971942,0.523978"
1100,step_001100,1,5,0.9242167883955792,0.9197763862272308,0.0126414996704499,0.0131913199906,2,12,"0.775903,0.736786"
1100,step_001100,1,6,0.9175967526100104,0.912265235319193,0.0137458355967005,0.0144211691514455,2,14,"0.901011,0.617551"
1100,step_001100,1,7,0.9111094280270212,0.9042477794791948,0.0148279841623334,0.0157322393251491,2,16,"0.749742,0.536692"
1100,step_001100,1,8,0.9060294606643936,0.8978074075545567,0.015675587402255,0.0167938184305772,2,18,"0.698739,0.515561"
1100,step_001100,1,9,0.9010941831506328,0.8949208557042398,0.0164992082648962,0.0172668533078881,2,20,"0.685564,0.562897"
1100,step_001100,1,10,0.892079831079745,0.884660481368448,0.018003611181342,0.0189453964364865,2,22,"0.822025,0.458921"
1100,step_001100,1,11,0.8820042579794789,0.8745150266727261,0.0196848816805395,0.0206058405553017,2,24,"0.920694,0.558529"
1100,step_001100,1,12,0.8713118104469313,0.8656180960819645,0.0214678775113435,0.0220734447723463,2,26,"0.956891,0.594938"
1100,step_001100,1,13,0.8567127773331045,0.8481163095256169,0.0239045760472594,0.0249299910284506,2,28,"1.034519,0.586048"
1100,step_001100,1,14,0.8369269089425438,0.8233637210261463,0.0272076763452493,0.0289617303964664,2,30,"1.040771,0.648907"
1100,step_001100,2,0,0.9567116809888686,0.9524699079623709,0.0072198790230262,0.0078116087853096,2,2,"0.779307,0.598123"
1100,step_001100,2,1,0.9493332273186876,0.9456870957489916,0.0084508222338518,0.008929269808537,2,4,"0.512423,0.477103"
1100,step_001100,2,2,0.9439691465503104,0.94109436698362,0.0093448032084579,0.0096854184580189,2,6,"0.490276,0.467165"
1100,step_001100,2,3,0.938144653465516,0.9359119415973036,0.0103159801755544,0.0105432926480148,2,8,"0.507160,0.477372"
1100,step_001100,2,4,0.9304555613349872,0.926962363949798,0.0115983457627865,0.0120132052244754,2,10,"0.629523,0.414686"
1100,step_001100,2,5,0.921339954199699,0.9184211831681476,0.0131198380160038,0.0134080440835749,2,12,"0.688370,0.396409"
1100,step_001100,2,6,0.9135341056408596,0.9085459265185918,0.0144224375465736,0.0150197276641561,2,14,"0.737012,0.416855"
1100,step_001100,2,7,0.8978826740289031,0.8855076881914387,0.0170356785949018,0.018783226336118,2,16,"0.733960,0.409681"
1100,step_001100,2,8,0.8848693370450228,0.8728740208205458,0.0192076114147043,0.020850279193487,2,18,"0.802125,0.505657"
1100,step_001100,2,9,0.8704862244368009,0.857485719577889,0.0216078488489941,0.0233813149223045,2,20,"0.742558,0.516016"
1100,step_001100,2,10,0.8579238641174568,0.8433795375702197,0.0237036496461856,0.0257036360113202,2,22,"0.720462,0.520588"
1100,step_001100,2,11,0.8404603593946737,0.8292125922370452,0.0266179554384452,0.0280240435493361,2,24,"0.811535,0.430477"
1100,step_001100,2,12,0.8215075165972175,0.8094638873179405,0.0297798010529416,0.0312493317103796,2,26,"0.798214,0.518541"
1100,step_001100,2,13,0.7890950005119333,0.7706443526195165,0.0351848673747852,0.0376124966929476,2,28,"0.821593,0.647357"
1100,step_001100,2,14,0.756127997197213,0.7355902298595063,0.0406842506257667,0.0433596534712145,2,30,"0.839530,0.654735"
1100,step_001100,3,0,0.9566074241581006,0.9529669217038472,0.0072385177376493,0.0077226794654734,2,2,"0.567691,0.484080"
1100,step_001100,3,1,0.9501543784513004,0.94771713757916,0.0083147638481876,0.0085860012099658,2,4,"0.430288,0.408535"
1100,step_001100,3,2,0.9437309525292336,0.9399343855928316,0.0093852508261809,0.0098765538739819,2,6,"0.484076,0.413978"
1100,step_001100,3,3,0.9376444983855494,0.9338826982878454,0.010399253613888,0.0108779498679233,2,8,"0.418612,0.312612"
1100,step_001100,3,4,0.9307420229404388,0.9278824230046938,0.0115494553159023,0.0118739732286886,2,10,"0.463301,0.333180"
1100,step_001100,3,5,0.9228093381951944,0.919323672960363,0.0128724309107267,0.0132733836645272,2,12,"0.544737,0.351478"
1100,step_001100,3,6,0.9156682891966276,0.9119509377509364,0.014063962521472,0.014480215029787,2,14,"0.431414,0.307036"
1100,step_001100,3,7,0.9067179626585982,0.9004554130385191,0.0155568743403505,0.0163628467044453,2,16,"0.542988,0.299494"
1100,step_001100,3,8,0.8944468308946428,0.8873691521374186,0.0176049561486708,0.0185154836115999,2,18,"0.557939,0.425312"
1100,step_001100,3,9,0.8799536670442166,0.8680702928411916,0.0200230127039613,0.021673634974786,2,20,"0.544304,0.472924"
1100,step_001100,3,10,0.855673765685537,0.8447670644927016,0.02407429199089,0.0255218046776683,2,22,"0.689180,0.474339"
1100,step_001100,3,11,0.8272811800268155,0.8147492049646251,0.0288115867691515,0.0304437226374926,2,24,"0.894460,0.525427"
1100,step_001100,3,12,0.7873940557536837,0.7775371970096424,0.0354691250702994,0.0365197866722596,2,26,"0.786006,0.557638"
1100,step_001100,3,13,0.7514222586816746,0.7415468476342703,0.0414701127142074,0.0424386167189452,2,28,"0.643390,0.464155"
1100,step_001100,3,14,0.7040573546089645,0.6904141722920327,0.0493673748457323,0.0508919724379256,2,30,"0.775889,0.443277"
1200,step_001200,0,0,0.9443428172018152,0.9390277001942196,0.0092859642981838,0.0100086836262273,2,2,"2.820641,1.766562"
1200,step_001200,0,1,0.938179003635717,0.9325295947431356,0.0103132791729211,0.0110781628508163,2,4,"1.900167,1.446907"
1200,step_001200,0,2,0.9346797722283254,0.9297678301676712,0.0108961679884738,0.0115374782626932,2,6,"1.690949,1.250253"
1200,step_001200,0,3,0.9315351685709068,0.9262830700472774,0.0114201993745495,0.0121099476017946,2,8,"1.295862,1.157238"
1200,step_001200,0,4,0.9285449237796136,0.9212866527010548,0.0119184485168348,0.0129345811103804,2,10,"1.418857,1.107038"
1200,step_001200,0,5,0.925656323791632,0.91817317065992,0.0123993285826759,0.0134571514093218,2,12,"1.195552,0.907073"
1200,step_001200,0,6,0.9220020956435842,0.9159601222432264,0.0130075604048878,0.0138195047064726,2,14,"1.234370,0.937289"
1200,step_001200,0,7,0.9192725545134576,0.913227303344078,0.0134624154388968,0.0142765400089509,2,16,"1.033347,0.783391"
1200,step_001200,0,8,0.9169293156521258,0.9107538544367376,0.0138531829908857,0.0146818113188269,2,18,"1.061223,0.894810"
1200,step_001200,0,9,0.913357104926786,0.9078037145898956,0.0144491120965014,0.0151651114930987,2,20,"1.274695,0.757983"
1200,step_001200,0,10,0.9092485928523698,0.9040514154327732,0.0151347268938359,0.015776890650458,2,22,"1.208232,0.622154"
1200,step_001200,0,11,0.9047004110828386,0.8980231043031294,0.0158937965045376,0.0167566195378664,2,24,"1.557481,0.741966"
1200,step_001200,0,12,0.8986325161544766,0.8927203786782477,0.0169067816536644,0.0176158740631878,2,26,"1.728422,0.794747"
1200,step_001200,0,13,0.8919518697087226,0.8857152304839938,0.0180221692691974,0.0187656888830315,2,28,"1.245723,0.764720"
1200,step_001200,0,14,0.8831079890011858,0.8764495764518649,0.0194977344275824,0.0202904455548916,2,30,"1.324852,0.777479"
1200,step_001200,1,0,0.9604103191106595,0.9562259621943828,0.0066030616844612,0.0071933232599201,2,2,"1.420995,1.055692"
1200,step_001200,1,1,0.9528158920226044,0.94999614513493,0.0078699767999797,0.0082238981203042,2,4,"0.959352,0.831915"
1200,step_001200,1,2,0.9447977760367632,0.9408580037297952,0.0092076550612255,0.0097263529847691,2,6,"0.999924,0.737602"
1200,step_001200,1,3,0.938328997040168,0.9349405001967313,0.0102872924575301,0.0106986611793045,2,8,"1.034382,0.607741"
1200,step_001200,1,4,0.9318286325777962,0.9287925926290548,0.0113725449479453,0.0117050415353766,2,10,"0.931630,0.485410"
1200,step_001200,1,5,0.9259689994594426,0.9220986965976588,0.0123497209489426,0.0128048543492449,2,12,"0.792011,0.764383"
1200,step_001200,1,6,0.9183695974314188,0.9136769841562352,0.01361716242226,0.0141862671928268,2,14,"0.917628,0.594166"
1200,step_001200,1,7,0.9110435386494768,0.9041262704981448,0.0148394855173856,0.0157444236067382,2,16,"0.719105,0.512986"
1200,step_001200,1,8,0.9056942140920814,0.8979318456584965,0.0157318096184936,0.0167708387920394,2,18,"0.770732,0.514296"
1200,step_001200,1,9,0.8999995172167873,0.8933973334863943,0.0166818145414637,0.017509889331397,2,20,"0.694212,0.588646"
1200,step_001200,1,10,0.889892533552934,0.8831396170113216,0.0183695662778199,0.0191799995515487,2,22,"0.827587,0.513476"
1200,step_001200,1,11,0.8798924966265161,0.8725107783532228,0.0200383433463626,0.0209154721519071,2,24,"0.826612,0.546956"
1200,step_001200,1,12,0.8687060630662736,0.8627879453084141,0.0219047125052075,0.0225045600289498,2,26,"1.061866,0.703747"
1200,step_001200,1,13,0.8496469229452845,0.8389098327450949,0.0250862513520921,0.0263901643092431,2,28,"1.062924,0.546132"
1200,step_001200,1,14,0.8341873866991962,0.819362702956482,0.0276665568444966,0.0295754662764327,2,30,"1.028695,0.561756"
1200,step_001200,2,0,0.9580975058163672,0.953930899112502,0.0069891173777204,0.0075707063846496,2,2,"0.756510,0.602334"
1200,step_001200,2,1,0.9507928528638468,0.9471742076837572,0.0082077143621804,0.0086823578130064,2,4,"0.499423,0.457485"
1200,step_001200,2,2,0.9456033671332892,0.9433447497289618,0.0090726139353947,0.0093131285386513,2,6,"0.493446,0.450694"
1200,step_001200,2,3,0.9394535967821002,0.9375289890544778,0.0100981227273568,0.0102735719557437,2,8,"0.519809,0.460136"
1200,step_001200,2,4,0.9317969646964548,0.929053820118563,0.011375222361407,0.0116658994179227,2,10,"0.645830,0.450827"
1200,step_001200,2,5,0.9211253768049352,0.9173248658047918,0.0131566290463392,0.0135796291453305,2,12,"0.629546,0.392977"
1200,step_001200,2,6,0.907870150944793,0.9001604374788279,0.0153696096004641,0.0163743158734437,2,14,"0.839876,0.414176"
1200,step_001200,2,7,0.8946637967882699,0.8823913727976241,0.017574092146452,0.0192801195845203,2,16,"0.731044,0.448137"
1200,step_001200,2,8,0.8810629598462637,0.868824085201095,0.0198446362694027,0.0214870643089918,2,18,"0.733240,0.439281"
1200,step_001200,2,9,0.8671508826970579,0.8541211391451112,0.0221651398842268,0.0239116910498823,2,20,"0.736218,0.536724"
1200,step_001200,2,10,0.853292139617423,0.8407660337291999,0.0244781710612156,0.0261072057727796,2,22,"0.767095,0.530077"
1200,step_001200,2,11,0.8348940600826781,0.8239311325620088,0.0275478975986626,0.0288619468043741,2,24,"0.832378,0.437424"
1200,step_001200,2,12,0.8106046060043507,0.797903246392437,0.0316006813550782,0.0331032396197835,2,26,"0.838974,0.466792"
1200,step_001200,2,13,0.7859002196906241,0.769644502305905,0.0357208096470701,0.0377239967983923,2,28,"0.856433,0.648160"
1200,step_001200,2,14,0.7541603734258263,0.7307535650549913,0.0410153802922378,0.0441196454502503,2,30,"0.786325,0.612984"
1200,step_001200,3,0,0.9581341446089224,0.9545961321360152,0.006983991448126,0.0074544630798875,2,2,"0.569643,0.470633"
1200,step_001200,3,1,0.9515305648096076,0.9492063571012048,0.0080853361703335,0.008339251694707,2,4,"0.413486,0.383396"
1200,step_001200,3,2,0.9450771651718328,0.941674603007316,0.0091609428831628,0.0095848213114938,2,6,"0.468308,0.417681"
1200,step_001200,3,3,0.9391153857536396,0.9359481292163389,0.0101541539757127,0.0105330832256753,2,8,"0.429332,0.328604"
1200,step_001200,3,4,0.9323789145275506,0.9295035846301236,0.0112768686890174,0.0115998981652608,2,10,"0.522540,0.361634"
1200,step_001200,3,5,0.9249174906816768,0.9217903296580496,0.0125214457940343,0.0128607057371324,2,12,"0.489520,0.368105"
1200,step_001200,3,6,0.9161281408523484,0.9126732441773968,0.0139878349207067,0.0143564394866239,2,14,"0.394431,0.354834"
1200,step_001200,3,7,0.9077665181590234,0.9018092071113256,0.01538312918461,0.0161405567946956,2,16,"0.597515,0.318980"
1200,step_001200,3,8,0.8953020513585984,0.8865076782196338,0.0174630640508568,0.0186456131948332,2,18,"0.590212,0.309462"
1200,step_001200,3,9,0.8801945727804773,0.8689264267507492,0.0199842580436165,0.0215211791929667,2,20,"0.572672,0.479732"
1200,step_001200,3,10,0.8534255226500408,0.8438392274961095,0.0244493424294897,0.0256728051267961,2,22,"0.646773,0.433830"
1200,step_001200,3,11,0.8283602425408935,0.817964682219848,0.0286313670077842,0.029925320208444,2,24,"0.706984,0.523697"
1200,step_001200,3,12,0.7868408093708853,0.7783337629503269,0.0355616520557152,0.0363993417395879,2,26,"0.803734,0.505892"
1200,step_001200,3,13,0.753212406914069,0.7411692014595016,0.041172461609594,0.0425232564743856,2,28,"0.686969,0.572399"
1200,step_001200,3,14,0.7087992681395248,0.6952068171291437,0.0485828382563301,0.0500614427967775,2,30,"0.779031,0.515383"
1300,step_001300,0,0,0.945252713038235,0.9397893882303188,0.0091342422831387,0.0098835366453084,2,2,"2.785498,1.769986"
1300,step_001300,0,1,0.9391224476307743,0.933328994340943,0.0101559446432726,0.0109463863283698,2,4,"1.817524,1.461963"
1300,step_001300,0,2,0.9357924863189818,0.930846968023614,0.0107107057314395,0.0113585221212215,2,6,"1.707209,1.300850"
1300,step_001300,0,3,0.9328535907891704,0.9275502923465369,0.0112003926507817,0.0119019306825975,2,8,"1.273828,1.138803"
1300,step_001300,0,4,0.929867715736544,0.92255285816008,0.0116979118594535,0.0127266407556282,2,10,"1.423520,1.131910"
1300,step_001300,0,5,0.927024955725737,0.9194988100462836,0.0121711878942323,0.0132388818438708,2,12,"1.234737,0.913132"
1300,step_001300,0,6,0.9235631203348366,0.9175211012937554,0.0127474374522769,0.0135618763502601,2,14,"1.257173,0.967748"
1300,step_001300,0,7,0.9207147667620464,0.914729422568714,0.0132220833600575,0.014028610331797,2,16,"0.978824,0.840281"
1300,step_001300,0,8,0.9185006005616372,0.912399584936436,0.0135913148375089,0.0144107394276069,2,18,"1.040498,0.869400"
1300,step_001300,0,9,0.9151984885103364,0.9099378747573516,0.0141420540915761,0.0148143891711639,2,20,"1.290705,0.756575"
1300,step_001300,0,10,0.9111039424849992,0.9061228696361576,0.0148252449939667,0.015438176478042,2,22,"1.260222,0.674498"
1300,step_001300,0,11,0.9075463917188388,0.9012102088136532,0.0154190776635398,0.0162363343728987,2,24,"1.377500,0.714970"
1300,step_001300,0,12,0.9007415462354148,0.8948938485030352,0.0165548753820417,0.017262763091727,2,26,"1.599389,0.799070"
1300,step_001300,0,13,0.894686826417467,0.8891197745448481,0.0175655964110492,0.0182101463594136,2,28,"1.303419,0.783818"
1300,step_001300,0,14,0.8859404577768136,0.8791357025961221,0.0190247067247319,0.0198528788831714,2,30,"1.372988,0.748234"
1300,step_001300,1,0,0.9615674497580272,0.9576493891532432,0.0064101504405278,0.0069578690578094,2,2,"1.391816,1.078236"
1300,step_001300,1,1,0.9538383012870748,0.9509507494070408,0.0076995647813308,0.0080660312882521,2,4,"0.957926,0.808492"
1300,step_001300,1,2,0.9459915993625964,0.9420927615600028,0.0090085866940573,0.0095224368350686,2,6,"1.021751,0.743299"
1300,step_001300,1,3,0.9392797238621746,0.9360303671476176,0.0101288725583573,0.0105189249507139,2,8,"1.048996,0.638685"
1300,step_001300,1,4,0.9330074491374284,0.9299797181429884,0.0111759752609874,0.0115096084760458,2,10,"0.836569,0.484094"
1300,step_001300,1,5,0.9270096341916784,0.9229452392758702,0.0121764584915393,0.0126650266472023,2,12,"0.876746,0.741472"
1300,step_001300,1,6,0.9195002901669578,0.9154296190296168,0.0134287296432831,0.0138961946084199,2,14,"0.932017,0.644655"
1300,step_001300,1,7,0.91276542849257,0.9063462746532284,0.0145524455253079,0.0153794428987158,2,16,"0.734444,0.577420"
1300,step_001300,1,8,0.907465857102795,0.9000145773410005,0.0154362071837618,0.0164257065361008,2,18,"0.744538,0.506885"
1300,step_001300,1,9,0.9014986435632344,0.8937478205005284,0.0164312921424769,0.0174544829273252,2,20,"0.768974,0.491831"
1300,step_001300,1,10,0.8949626267715732,0.888446718334123,0.017521708968452,0.0183264118847936,2,22,"0.877161,0.539366"
1300,step_001300,1,11,0.8849069969198163,0.8781938477934067,0.0192002221351679,0.0200013018067416,2,24,"0.829234,0.607802"
1300,step_001300,1,12,0.8729968982499686,0.8676142179616991,0.0211870371230406,0.0217310807822418,2,26,"0.784610,0.659531"
1300,step_001300,1,13,0.8557084763116606,0.8452265073252695,0.0240732962174503,0.0253782241308686,2,28,"1.048822,0.547191"
1300,step_001300,1,14,0.841815575418105,0.8279986609445862,0.0263917537291092,0.0281915901766951,2,30,"1.008416,0.602117"
1300,step_001300,2,0,0.9592892816067944,0.95509361210886,0.0067903675842803,0.0073796035947968,2,2,"0.739658,0.601841"
1300,step_001300,2,1,0.9516778011801528,0.9481202326343792,0.0080601450306056,0.0085270148685939,2,4,"0.480707,0.466451"
1300,step_001300,2,2,0.9466275138102408,0.9443539980924242,0.0089020562512392,0.0091461080441501,2,6,"0.492520,0.454756"
1300,step_001300,2,3,0.9404045457198446,0.9383515798762628,0.0099395069624939,0.0101414245983843,2,8,"0.503298,0.407698"
1300,step_001300,2,4,0.933070859258109,0.9302649336875544,0.0111628453776592,0.0114695339473763,2,10,"0.655338,0.491315"
1300,step_001300,2,5,0.923522197628419,0.919878537959316,0.0127568687357367,0.013162612843053,2,12,"0.676619,0.422437"
1300,step_001300,2,6,0.9096303822462912,0.9014987838518828,0.01507622952243,0.0161597240948978,2,14,"0.751821,0.431000"
1300,step_001300,2,7,0.8975296952472552,0.8854916602383168,0.0170960284957432,0.0187733479676792,2,16,"0.713446,0.453870"
1300,step_001300,2,8,0.8844654015235592,0.8722498883894785,0.0192772950473493,0.0209351151437277,2,18,"0.779928,0.473637"
1300,step_001300,2,9,0.8692893407321632,0.8543354635382063,0.0218089859403586,0.0238765518124085,2,20,"0.716140,0.543024"
1300,step_001300,2,10,0.8554451068472936,0.8422964453415838,0.0241191426665859,0.0258587473261657,2,22,"0.728749,0.477282"
1300,step_001300,2,11,0.8357870721625499,0.824101286071453,0.0273999466369868,0.0288329767392558,2,24,"0.739819,0.496212"
1300,step_001300,2,12,0.8164482465866588,0.8048307576017703,0.0306282544325767,0.0319631880129074,2,26,"0.822513,0.446131"
1300,step_001300,2,13,0.7880076770205515,0.7720743591330215,0.0353738056985756,0.0373169358043704,2,28,"0.880885,0.614688"
1300,step_001300,2,14,0.7630025044887412,0.7406123330692006,0.0395424366729475,0.0424839770548439,2,30,"0.654520,0.616677"
1300,step_001300,3,0,0.9598034073244696,0.9564130978769958,0.0067053553597366,0.0071563482543846,2,2,"0.591531,0.472887"
1300,step_001300,3,1,0.9529351898604274,0.9506670034716104,0.0078507857560166,0.0081014999404077,2,4,"0.403693,0.372536"
1300,step_001300,3,2,0.946129419245604,0.9430949559248004,0.0089852133740465,0.0093525574389419,2,6,"0.470724,0.428056"
1300,step_001300,3,3,0.9405828948355244,0.937575876363768,0.0099093150688406,0.0102652726239475,2,8,"0.433338,0.332782"
1300,step_001300,3,4,0.933869327992088,0.9308550827526249,0.0110280000839426,0.0113786673395481,2,10,"0.480736,0.355236"
1300,step_001300,3,5,0.9258866842527124,0.9229956937266746,0.0123598027635405,0.0126618366157519,2,12,"0.495165,0.377862"
1300,step_001300,3,6,0.9176597247609952,0.9144714845390616,0.0137320091426005,0.0140619348058322,2,14,"0.414891,0.330415"
1300,step_001300,3,7,0.9105329368901148,0.9049487680821112,0.0149208850244924,0.0156289844588071,2,16,"0.554280,0.348261"
1300,step_001300,3,8,0.8985088305391938,0.8900029171043502,0.0169276765812612,0.0180744401404144,2,18,"0.551081,0.319030"
1300,step_001300,3,9,0.8845474303935523,0.8736496358209026,0.0192573922450023,0.0207501176265985,2,20,"0.550514,0.450822"
1300,step_001300,3,10,0.8576064415468809,0.8470004161507997,0.0237510922028622,0.0251584859648631,2,22,"0.640243,0.445409"
1300,step_001300,3,11,0.8342978807939315,0.822510157306375,0.0276406716062189,0.0291767718944977,2,24,"0.744539,0.465992"
1300,step_001300,3,12,0.7930480041885897,0.7842504293025234,0.0345271682405825,0.0354020329529751,2,26,"0.794939,0.539887"
1300,step_001300,3,13,0.7551631665568915,0.7432359950003825,0.040846778354247,0.0421599326429498,2,28,"0.627215,0.496048"
1300,step_001300,3,14,0.7183836340357453,0.7048195523671542,0.0469820346350634,0.0484808466728235,2,30,"0.748624,0.469446"
1400,step_001400,0,0,0.946831482334972,0.9416392777034844,0.0088711055946904,0.0095775992039552,2,2,"2.806215,1.735718"
1400,step_001400,0,1,0.9407098312439948,0.9353734656274124,0.0098913569551609,0.0106091855575223,2,4,"1.841020,1.466960"
1400,step_001400,0,2,0.9373178143774686,0.9324132203624512,0.0104564420177525,0.0110992592963916,2,6,"1.676548,1.291678"
1400,step_001400,0,3,0.9344781784951808,0.9293618909413288,0.0109295722065872,0.0116043099830025,2,8,"1.328376,1.100888"
1400,step_001400,0,4,0.9315054980616456,0.9245413658948076,0.0114248938125062,0.012398236249447,2,10,"1.432750,1.124785"
1400,step_001400,0,5,0.9285593668821348,0.9214583094310124,0.0119153677318968,0.0129159361320038,2,12,"1.188260,0.937541"
1400,step_001400,0,6,0.9252695675371788,0.91931424325659,0.0124629252933219,0.0132668087851019,2,14,"1.240184,0.944156"
1400,step_001400,0,7,0.9222694603427424,0.916333098717846,0.0129628814388303,0.0137637898878242,2,16,"0.974415,0.812024"
1400,step_001400,0,8,0.9199625070155808,0.9143982638797208,0.0133475898593814,0.0140811348680875,2,18,"1.004206,0.958165"
1400,step_001400,0,9,0.916696473776876,0.911473217973334,0.013892321355466,0.0145610249298072,2,20,"1.247184,0.737410"
1400,step_001400,0,10,0.9122887670592448,0.907516695217577,0.0146278145412715,0.0152089223602053,2,22,"1.203936,0.670544"
1400,step_001400,0,11,0.9090420738511232,0.902658953853314,0.015169821997557,0.0159966521475673,2,24,"1.336469,0.695847"
1400,step_001400,0,12,0.902575999091841,0.8973020654658739,0.0162488601078249,0.0168680005827127,2,26,"1.629770,0.803597"
1400,step_001400,0,13,0.8969348782944455,0.8913960057533726,0.0171902373548805,0.0178381747597613,2,28,"1.271920,0.880162"
1400,step_001400,0,14,0.8879154916887462,0.8812664158243696,0.0186949773800878,0.0195085837537347,2,30,"1.277013,0.739507"
1400,step_001400,1,0,0.9628992670304864,0.9593541719767402,0.0061881351495645,0.0066772865395584,2,2,"1.395066,1.110887"
1400,step_001400,1,1,0.9552546284310904,0.952488298655326,0.0074636063015861,0.0078117963613799,2,4,"0.931262,0.821984"
1400,step_001400,1,2,0.9479535950178982,0.9440958109246628,0.0086815715709633,0.0091916098560119,2,6,"0.994522,0.740304"
1400,step_001400,1,3,0.9411575214702724,0.938182903444833,0.0098158609410106,0.0101623863995521,2,8,"1.002760,0.621805"
1400,step_001400,1,4,0.9348249305528366,0.932335454830468,0.0108730042301894,0.0111223251114976,2,10,"0.823528,0.471870"
1400,step_001400,1,5,0.9293814268736128,0.9253329837747744,0.0117810992709731,0.0122714594898028,2,12,"0.939004,0.668104"
1400,step_001400,1,6,0.9219021589511694,0.9180392264404232,0.0130283003556052,0.0134654594385308,2,14,"0.921208,0.656849"
1400,step_001400,1,7,0.914818590999026,0.9083220219497576,0.0142099647047118,0.0150562672306338,2,16,"0.716059,0.559508"
1400,step_001400,1,8,0.9088173211079282,0.9007183399011742,0.0152110671340848,0.016307106165252,2,18,"0.715159,0.620340"
1400,step_001400,1,9,0.904121858765822,0.897825042642284,0.0159942255153251,0.0167813854344074,2,20,"0.714827,0.589793"
1400,step_001400,1,10,0.8958482360765337,0.8893586083456961,0.0173749717392993,0.0181682412667332,2,22,"0.860361,0.489005"
1400,step_001400,1,11,0.8853065893385921,0.8775287134613049,0.0191341886489183,0.0200998776714568,2,24,"0.840028,0.519262"
1400,step_001400,1,12,0.874764767274518,0.8703250233210112,0.0208919368385837,0.0212863189011562,2,26,"0.898501,0.598108"
1400,step_001400,1,13,0.8602685962443397,0.8522945594317458,0.0233104817482034,0.0242340846889168,2,28,"1.080275,0.582775"
1400,step_001400,1,14,0.8479892836788964,0.8354815623168915,0.0253594877473118,0.0269733550254398,2,30,"0.959412,0.594464"
1400,step_001400,2,0,0.96076318023305,0.9566714929636976,0.0065447273425953,0.0071190110913453,2,2,"0.714778,0.609163"
1400,step_001400,2,1,0.9534718650780024,0.9503061512308438,0.0077609908882369,0.0081664618391508,2,4,"0.486279,0.462288"
1400,step_001400,2,2,0.948374034427406,0.9463474311389084,0.0086108488190215,0.0088171940936515,2,6,"0.480946,0.452505"
1400,step_001400,2,3,0.9424706000429636,0.9404456618375449,0.0095949827157354,0.0097962167990668,2,8,"0.516288,0.416160"
1400,step_001400,2,4,0.9360297518464264,0.9331884633747806,0.0106694442713783,0.0109850625485276,2,10,"0.618268,0.468880"
1400,step_001400,2,5,0.9252863137868612,0.9211817671599972,0.0124628485939503,0.0129474183063657,2,12,"0.640545,0.389696"
1400,step_001400,2,6,0.911409532593222,0.9041223348018184,0.0147796240362591,0.0157329499197495,2,14,"0.740323,0.439902"
1400,step_001400,2,7,0.901418333503804,0.8897146360916249,0.0164466793091042,0.0180807492064919,2,16,"0.743423,0.419385"
1400,step_001400,2,8,0.886901091846442,0.8720703624693282,0.0188703345475553,0.0209678423499805,2,18,"0.783611,0.511292"
1400,step_001400,2,9,0.8714931534916195,0.8577623884084858,0.0214400744466443,0.0233219859796004,2,20,"0.749259,0.473026"
1400,step_001400,2,10,0.857844588641821,0.8431712654300254,0.0237166918365971,0.0257194621028286,2,22,"0.751952,0.476730"
1400,step_001400,2,11,0.8414357881844534,0.8305875391148856,0.0264547186537417,0.0277894599766321,2,24,"0.818919,0.445650"
1400,step_001400,2,12,0.8233492037480983,0.8103886006979569,0.0294718192405596,0.0311045930607045,2,26,"0.743522,0.564431"
1400,step_001400,2,13,0.8002549487614706,0.784552851855355,0.0333241330888331,0.035329565183903,2,28,"0.832159,0.655706"
1400,step_001400,2,14,0.7661170058573266,0.7467702501155667,0.0390160132696686,0.0415364705860232,2,30,"0.746970,0.640378"
1400,step_001400,3,0,0.9614437544707468,0.9582018296139492,0.0064319237177367,0.0068610827533598,2,2,"0.620865,0.471482"
1400,step_001400,3,1,0.9547663459382996,0.9525739570735816,0.0075453927272765,0.0077876608700736,2,4,"0.402596,0.357651"
1400,step_001400,3,2,0.9477545106117315,0.9452450392916276,0.0087140502585763,0.0089997055376069,2,6,"0.457072,0.416100"
1400,step_001400,3,3,0.9424851052667088,0.939628356856804,0.0095920017104629,0.0099282547124323,2,8,"0.451427,0.335533"
1400,step_001400,3,4,0.9360774585421308,0.9329690194512678,0.0106595391564044,0.0110326389376509,2,10,"0.448432,0.323182"
1400,step_001400,3,5,0.9284499580914548,0.9256528107692455,0.0119319514414513,0.0122266747541071,2,12,"0.515904,0.402432"
1400,step_001400,3,6,0.9212586163809314,0.917957293134347,0.013131467483385,0.013488837837033,2,14,"0.454388,0.320211"
1400,step_001400,3,7,0.9139587585425256,0.907950661184014,0.0143488475490097,0.015133673366809,2,16,"0.486494,0.332314"
1400,step_001400,3,8,0.902197186215426,0.8925727204437517,0.0163123205765981,0.0176484733243775,2,18,"0.525190,0.337167"
1400,step_001400,3,9,0.8892353184750094,0.8785754265123976,0.0184750386200078,0.0199457877118362,2,20,"0.535849,0.450800"
1400,step_001400,3,10,0.8618791590536704,0.8498314769040999,0.0230368792945963,0.0246936315802547,2,22,"0.670467,0.413038"
1400,step_001400,3,11,0.8404896823822502,0.8308271046209915,0.0266053086953423,0.0278125255815656,2,24,"0.803392,0.502894"
1400,step_001400,3,12,0.7931096386702546,0.7849644341170744,0.0345147150268064,0.0352897775865753,2,26,"0.751488,0.492996"
1400,step_001400,3,13,0.7626903805641606,0.7488280392704308,0.0395891023020595,0.0412369880891758,2,28,"0.665748,0.499883"
1400,step_001400,3,14,0.7251233244563903,0.7126317970973318,0.0458545022385291,0.047222487691527,2,30,"0.705935,0.471152"
1500,step_001500,0,0,0.9469327839924808,0.9414109144873531,0.0088538413393398,0.0096165025994739,2,2,"2.710248,1.704824"
1500,step_001500,0,1,0.9412406587819452,0.936084797010966,0.0098026046874983,0.0104938271001663,2,4,"1.748088,1.461318"
1500,step_001500,0,2,0.9381848291489238,0.9326715234547652,0.010311685154814,0.0110575715206701,2,6,"1.605609,1.317371"
1500,step_001500,0,3,0.9356245323662948,0.9304160128643356,0.0107382865840433,0.0114306209160355,2,8,"1.314870,1.117976"
1500,step_001500,0,4,0.9327167407425604,0.9263551880955424,0.011222901496116,0.0120996270412983,2,10,"1.414275,0.991335"
1500,step_001500,0,5,0.9296735753330702,0.9220779183928892,0.0117296307127522,0.0128107961700622,2,12,"1.157973,0.817164"
1500,step_001500,0,6,0.9267404950247304,0.9209940535076956,0.012218161303353,0.0129856143572926,2,14,"1.585221,1.041233"
1500,step_001500,0,7,0.923707744648523,0.917745178630838,0.0127233886366567,0.0135270695915995,2,16,"1.061567,0.896436"
1500,step_001500,0,8,0.921583012512444,0.916758964553362,0.0130777114180862,0.0136885977160942,2,18,"1.206151,0.845933"
1500,step_001500,0,9,0.9179682548509184,0.9128462771025498,0.0136804689658922,0.0143308490151013,2,20,"1.222633,0.732818"
1500,step_001500,0,10,0.9141108621529423,0.9096935658653365,0.0143239070901983,0.0148468612257112,2,22,"1.171412,0.774265"
1500,step_001500,0,11,0.9103437656971785,0.9037488959068968,0.0149527661565587,0.0158171094144301,2,24,"1.485388,0.612367"
1500,step_001500,0,12,0.9041128415284736,0.8990284961882352,0.0159926745435502,0.0165815213303395,2,26,"1.328138,0.877577"
1500,step_001500,0,13,0.8981795030587296,0.8927835257853661,0.0169828175454081,0.0176011500345361,2,28,"1.300976,0.791248"
1500,step_001500,0,14,0.89248585569649,0.8858995807225396,0.0179324486768976,0.0187345481705849,2,30,"1.306716,0.729293"
1500,step_001500,1,0,0.964134275112522,0.9605358145764086,0.0059821829261134,0.0064815692532114,2,2,"1.411803,1.174850"
1500,step_001500,1,1,0.9564006844117562,0.9536621399290128,0.0072724695679445,0.007618141183384,2,4,"0.947111,0.789605"
1500,step_001500,1,2,0.9493613492892532,0.945503533017928,0.0084465885898842,0.0089615792538837,2,6,"0.952174,0.711716"
1500,step_001500,1,3,0.9428901468825992,0.9400341049294284,0.0095266690875598,0.009858389013332,2,8,"0.971135,0.607491"
1500,step_001500,1,4,0.9372785649980454,0.9348025763303648,0.0104633006681897,0.0107192312004029,2,10,"0.835629,0.483513"
1500,step_001500,1,5,0.9319621671989604,0.9274033295600383,0.0113501791655564,0.0119359074340869,2,12,"0.959339,0.676189"
1500,step_001500,1,6,0.925029463671236,0.9211325567882048,0.0125059993297035,0.0129641731129301,2,14,"0.892676,0.594983"
1500,step_001500,1,7,0.9185277438376388,0.9114207159777398,0.0135903655730355,0.0145600378557139,2,16,"0.874069,0.561963"
1500,step_001500,1,8,0.9128530074904458,0.9054730794721396,0.0145363721263041,0.0155355736745524,2,18,"0.818192,0.616155"
1500,step_001500,1,9,0.9062477377804876,0.8991776952381838,0.0156383882343786,0.0165719961545277,2,20,"0.613391,0.591872"
1500,step_001500,1,10,0.8993211096400731,0.8926058081940846,0.0167944881600306,0.0176438074175848,2,22,"0.812120,0.547638"
1500,step_001500,1,11,0.8899171125477873,0.88184623029249,0.0183635341392235,0.019403028372904,2,24,"1.011841,0.518287"
1500,step_001500,1,12,0.8786575659233521,0.8732502114588995,0.0202418978024138,0.0208190845156842,2,26,"0.794467,0.671641"
1500,step_001500,1,13,0.8669188435036226,0.85900837227445,0.0222004901731903,0.0231426949595838,2,28,"0.930671,0.516927"
1500,step_001500,1,14,0.8517689667853224,0.8395157054230872,0.0247294340031005,0.0263297463873116,2,30,"0.966995,0.612394"
1500,step_001500,2,0,0.9619637187423036,0.9577702081098204,0.0063442692523939,0.006939888647471,2,2,"0.698282,0.600344"
1500,step_001500,2,1,0.9546268711735074,0.951291912458105,0.0075682131748518,0.0080042717649933,2,4,"0.500297,0.446012"
1500,step_001500,2,2,0.9500195077659878,0.947876775944203,0.0083363094168225,0.0085673750436326,2,6,"0.490765,0.443914"
1500,step_001500,2,3,0.9446058083292118,0.94205539898137,0.009238793213384,0.0095322218160805,2,8,"0.510913,0.403099"
1500,step_001500,2,4,0.9390533226986152,0.9362956983152054,0.0101647441822958,0.0104838949969341,2,10,"0.623498,0.474733"
1500,step_001500,2,5,0.9301360496164284,0.9256461923178622,0.0116528417220421,0.0122299479728989,2,12,"0.661588,0.397414"
1500,step_001500,2,6,0.9192925791152112,0.9129243889702356,0.0134623295030666,0.0143093938807017,2,14,"0.767005,0.418574"
1500,step_001500,2,7,0.9084428676079456,0.8985958158724241,0.0152735576103804,0.0166476524200297,2,16,"0.652333,0.453408"
1500,step_001500,2,8,0.8968910774959912,0.8836401225480487,0.0172014339649882,0.0190935174433306,2,18,"0.795933,0.527258"
1500,step_001500,2,9,0.8803020773960714,0.8666705516336176,0.0199685198756513,0.0218722723687246,2,20,"0.788807,0.434706"
1500,step_001500,2,10,0.8664720931702474,0.8506928810153503,0.0222757130603426,0.0244920478686031,2,22,"0.707188,0.473901"
1500,step_001500,2,11,0.8521262931538961,0.8411540839876398,0.0246697681484007,0.0260590987146058,2,24,"0.774532,0.457647"
1500,step_001500,2,12,0.8332095758363511,0.8199932030633716,0.0278253369515127,0.0295356311319752,2,26,"0.700762,0.584898"
1500,step_001500,2,13,0.8058622896186747,0.7902624089851584,0.0323869931575907,0.0343957807556039,2,28,"0.773558,0.655634"
1500,step_001500,2,14,0.7751640871884776,0.7575351294165665,0.0375061101586633,0.0397654322859998,2,30,"0.812261,0.647720"
1500,step_001500,3,0,0.9624526141359668,0.9590505820457896,0.0062635874144321,0.0067223417698835,2,2,"0.621140,0.463455"
1500,step_001500,3,1,0.9558975128551932,0.9536153662894972,0.0073565440896791,0.0076176217239519,2,4,"0.415092,0.346251"
1500,step_001500,3,2,0.9490397537434684,0.9463805197415226,0.008499332937479,0.0088165658479709,2,6,"0.456046,0.436124"
1500,step_001500,3,3,0.944024597280168,0.9409114268147692,0.0093349155357769,0.0097188453021529,2,8,"0.468506,0.321211"
1500,step_001500,3,4,0.9384863788117886,0.9353378843102812,0.0102577777998653,0.0106422625481745,2,10,"0.441059,0.306159"
1500,step_001500,3,5,0.9309429930328856,0.9279246842054126,0.0115158707277575,0.0118561849068363,2,12,"0.488059,0.403666"
1500,step_001500,3,6,0.9233813107123624,0.9195502411490436,0.0127773237345924,0.0132304440155742,2,14,"0.419388,0.322564"
1500,step_001500,3,7,0.9153741897542472,0.9087502054606794,0.0141127796975051,0.0150084605880874,2,16,"0.567275,0.323173"
1500,step_001500,3,8,0.9053197430060104,0.8957093778328792,0.0157908525116121,0.0171408768408397,2,18,"0.509508,0.348549"
1500,step_001500,3,9,0.8922980769483667,0.8820103433034042,0.0179635709988495,0.0193795564670923,2,20,"0.529835,0.495175"
1500,step_001500,3,10,0.8668796778385767,0.8562798402403494,0.0222025934578482,0.0236276371525282,2,22,"0.753423,0.413278"
1500,step_001500,3,11,0.8413477464180206,0.8314241710541639,0.0264628475221683,0.0276994035802393,2,24,"0.780231,0.448997"
1500,step_001500,3,12,0.7970830495931432,0.7899952661025592,0.0338522483860092,0.0344731960551888,2,26,"0.735950,0.485811"
1500,step_001500,3,13,0.7618956832381469,0.7480419303517527,0.0397215103041577,0.0413761400313398,2,28,"0.784768,0.486164"
1500,step_001500,3,14,0.7278153709235945,0.7135273070544055,0.0454058328629793,0.0470773264092115,2,30,"0.798741,0.432849"
1600,step_001600,0,0,0.9473006278770182,0.9417714233757412,0.0087923893665562,0.0095556675100005,2,2,"2.688630,1.656419"
1600,step_001600,0,1,0.941810556635942,0.9361477304188756,0.0097074356572342,0.0104833189255136,2,4,"1.697664,1.405150"
1600,step_001600,0,2,0.9388678811382236,0.9334978088387812,0.0101975927410581,0.0109211565582806,2,6,"1.556370,1.369898"
1600,step_001600,0,3,0.9364115735378752,0.9310972677807904,0.0106069414643407,0.0113186727845146,2,8,"1.375337,1.113128"
1600,step_001600,0,4,0.933852587276931,0.9274986165845336,0.0110334542007024,0.0119105263634097,2,10,"1.388955,1.031283"
1600,step_001600,0,5,0.9307588776550868,0.9239040410931536,0.0115486013934296,0.0125091640754062,2,12,"1.213596,0.879935"
1600,step_001600,0,6,0.9279254484572386,0.9210150991812288,0.0120204548535369,0.0129862241928488,2,14,"1.256356,1.113154"
1600,step_001600,0,7,0.924959470312878,0.9197841502132486,0.0125146341681218,0.0131931630147556,2,16,"1.113620,0.798826"
1600,step_001600,0,8,0.9226985011581138,0.917459492851488,0.0128916892135011,0.0135772657745078,2,18,"0.868152,0.782211"
1600,step_001600,0,9,0.9200245849458434,0.9164535754709212,0.0133376161288747,0.0137431832567353,2,20,"1.438318,0.826777"
1600,step_001600,0,10,0.916506029493287,0.9110935343595428,0.0139245237262543,0.0146243546114025,2,22,"1.122398,0.762572"
1600,step_001600,0,11,0.911125526225657,0.9056441149509952,0.0148228718085302,0.0155049555599998,2,24,"1.438177,0.636259"
1600,step_001600,0,12,0.9052871939587503,0.9000577954172032,0.0157970316308715,0.0164174526054425,2,26,"1.361333,0.802761"
1600,step_001600,0,13,0.8989613114149981,0.8926303419650882,0.0168525999753537,0.0176301704098981,2,28,"1.239757,0.979350"
1600,step_001600,0,14,0.8910789145641846,0.8851477718818618,0.0181682858636057,0.0188653982668611,2,30,"1.477387,0.919826"
1600,step_001600,1,0,0.9647116447072684,0.9610971873028188,0.0058858113455778,0.0063889341545149,2,2,"1.433310,1.155373"
1600,step_001600,1,1,0.9570887954068334,0.95449466843549,0.0071576342806711,0.0074813676603816,2,4,"0.963876,0.802649"
1600,step_001600,1,2,0.950550601856412,0.9469122738255934,0.0082481021249658,0.0087292751488199,2,6,"0.902518,0.710306"
1600,step_001600,1,3,0.9442426893338296,0.94112880568651,0.0093009158505385,0.0096780082264586,2,8,"0.984675,0.599197"
1600,step_001600,1,4,0.9391343682193392,0.9364358041106772,0.0101536195012527,0.0104504264905041,2,10,"0.851461,0.466784"
1600,step_001600,1,5,0.9333784813352608,0.9287046839425902,0.0111138564316825,0.0117210970792978,2,12,"0.881335,0.668650"
1600,step_001600,1,6,0.927293425691004,0.9232106394822632,0.0121287607700702,0.0126196652179062,2,14,"0.933307,0.613211"
1600,step_001600,1,7,0.9207934443409092,0.9144771704519062,0.0132131975742831,0.014047972504593,2,16,"0.905909,0.568777"
1600,step_001600,1,8,0.913721995268074,0.906419790646758,0.0143929879926407,0.0153745825873798,2,18,"0.800962,0.614382"
1600,step_001600,1,9,0.9064276352321043,0.900748379430034,0.0156091959066944,0.0163071357851143,2,20,"0.655256,0.518838"
1600,step_001600,1,10,0.8992689466287932,0.8908513508315634,0.0168041333758642,0.0179237933721778,2,22,"0.786306,0.636639"
1600,step_001600,1,11,0.8899021024315409,0.8831894229191138,0.0183679292555031,0.0191730829910964,2,24,"0.961153,0.555991"
1600,step_001600,1,12,0.8790118173382364,0.8723739859909415,0.0201856071767611,0.0209420076167581,2,26,"0.726642,0.654120"
1600,step_001600,1,13,0.8660605907043379,0.8555637879682415,0.0223463901787571,0.0236827298995237,2,28,"1.037446,0.574459"
1600,step_001600,1,14,0.8513997055420585,0.8399461151786661,0.0247931509000654,0.0262351162252344,2,30,"0.810842,0.543033"
1600,step_001600,2,0,0.962510531136582,0.9583764919114856,0.0062529417635995,0.0068413995867616,2,2,"0.706807,0.599668"
1600,step_001600,2,1,0.9552024124300624,0.9518615539631932,0.0074721485671386,0.0079108023132251,2,4,"0.473633,0.451921"
1600,step_001600,2,2,0.9505454642991096,0.9482527856430162,0.0082485712076207,0.0085031190916399,2,6,"0.461540,0.414674"
1600,step_001600,2,3,0.9451910642604828,0.943633507972775,0.009141465376457,0.0092697833822006,2,8,"0.540743,0.396456"
1600,step_001600,2,4,0.9392209243731514,0.9352398069802682,0.0101370677541306,0.0106486706768296,2,10,"0.609652,0.438343"
1600,step_001600,2,5,0.930129845519988,0.9256917683763256,0.0116538430660354,0.0122147809379068,2,12,"0.771338,0.444749"
1600,step_001600,2,6,0.9204677609204716,0.9144312558609644,0.013266310657325,0.0140550077336985,2,14,"0.764124,0.483076"
1600,step_001600,2,7,0.9073378487098368,0.8973448865088128,0.0154581874982536,0.016840276563345,2,16,"0.678357,0.411267"
1600,step_001600,2,8,0.8946320357169459,0.8817869657815697,0.0175789726646756,0.0193906092889654,2,18,"0.829779,0.509477"
1600,step_001600,2,9,0.8781141713825038,0.8628826538178691,0.0203347893646979,0.0224789422953546,2,20,"0.746740,0.432335"
1600,step_001600,2,10,0.8625752506281051,0.84854907828791,0.0229287606238315,0.0248287444265899,2,22,"0.693940,0.533726"
1600,step_001600,2,11,0.8492444005807173,0.8366984624281099,0.0251531142974139,0.0267760637715507,2,24,"0.750065,0.426418"
1600,step_001600,2,12,0.8310332251364603,0.8188751527644343,0.0281916483171879,0.0297066382151068,2,26,"0.655180,0.500966"
1600,step_001600,2,13,0.8026443547966003,0.789988805318457,0.0329277299646592,0.0344392625093359,2,28,"0.766982,0.682824"
1600,step_001600,2,14,0.7698243171312086,0.7513721317662786,0.0384012886403254,0.0407658063038764,2,30,"0.850690,0.545464"
1600,step_001600,3,0,0.9626483140151628,0.9593251666797576,0.006230913353183,0.0066764632067098,2,2,"0.587040,0.444635"
1600,step_001600,3,1,0.956358491642677,0.9539624828527644,0.0072795614723244,0.0075596949316466,2,4,"0.412336,0.362611"
1600,step_001600,3,2,0.9508341544010592,0.9481140384274488,0.0082006351447846,0.0085227177461842,2,6,"0.480092,0.433612"
1600,step_001600,3,3,0.945207975790411,0.9421306608057388,0.0091380722677425,0.0095118482340251,2,8,"0.442427,0.302141"
1600,step_001600,3,4,0.93920613873626,0.936689109662218,0.0101381560513984,0.0104144084443381,2,10,"0.458608,0.346240"
1600,step_001600,3,5,0.931697067453927,0.9284063501344608,0.0113905608754678,0.0117714434703777,2,12,"0.456113,0.359332"
1600,step_001600,3,6,0.9236876547042528,0.9197214524012036,0.0127260922158256,0.0131993949235457,2,14,"0.392155,0.324569"
1600,step_001600,3,7,0.9144991354927606,0.9069695922420422,0.0142593119723202,0.0152909365177623,2,16,"0.474830,0.371867"
1600,step_001600,3,8,0.90537911631359,0.8962111980213425,0.0157815328504765,0.0170491874907153,2,18,"0.572503,0.314209"
1600,step_001600,3,9,0.892142332257562,0.8840191503740459,0.0179895005226094,0.0190469193353491,2,20,"0.627249,0.436264"
1600,step_001600,3,10,0.8691308956891746,0.8587331799273287,0.0218281876304107,0.0232048649600462,2,22,"0.762671,0.471858"
1600,step_001600,3,11,0.8436711989503268,0.8350479078826208,0.0260770677272362,0.0270863842287655,2,24,"0.677505,0.430803"
1600,step_001600,3,12,0.8106050390998384,0.8035614082411101,0.0315965178839674,0.032249699601157,2,26,"0.744242,0.480519"
1600,step_001600,3,13,0.7786970193800618,0.7675632755352643,0.0369167554845065,0.0381713626250581,2,28,"0.724670,0.521637"
1600,step_001600,3,14,0.7412382956944951,0.7271216927236729,0.043165525238264,0.0448489756111189,2,30,"0.688675,0.438039"
1700,step_001700,0,0,0.9476100315953055,0.9419991774397268,0.0087405059120948,0.0095220364319104,2,2,"2.680146,1.640374"
1700,step_001700,0,1,0.94231711747491,0.9365468975237944,0.0096227775881595,0.0104202219198635,2,4,"1.696920,1.330217"
1700,step_001700,0,2,0.9394544105455328,0.9341760992169028,0.0100996030318968,0.0108118498166144,2,6,"1.540684,1.408795"
1700,step_001700,0,3,0.9370668045814764,0.9317405196081806,0.0104975041465544,0.0112150924012822,2,8,"1.432102,1.061892"
1700,step_001700,0,4,0.9345312220287144,0.9280833021922515,0.0109201028788212,0.0118159462797229,2,10,"1.414962,1.076565"
1700,step_001700,0,5,0.9317404305859774,0.925338151068483,0.0113847452374204,0.0122766762295536,2,12,"1.366369,0.978806"
1700,step_001700,0,6,0.9290973733135104,0.922732969417198,0.0118248456194618,0.0127041309202073,2,14,"1.236954,0.948900"
1700,step_001700,0,7,0.925961006895648,0.9203281374983424,0.0123474054180166,0.0131053000115584,2,16,"1.085709,0.757850"
1700,step_001700,0,8,0.9237219208645918,0.9187688033653276,0.0127207771975541,0.0133611049761407,2,18,"0.911611,0.808083"
1700,step_001700,0,9,0.9213561543893318,0.9169723410538704,0.0131149432050001,0.0136587034630924,2,20,"1.145238,0.811256"
1700,step_001700,0,10,0.9176762286924794,0.9126056878627518,0.0137290081445232,0.0143788244652376,2,22,"1.110802,0.751228"
1700,step_001700,0,11,0.9128553797547636,0.906994677855064,0.0145338929824393,0.0152853784815755,2,24,"1.450600,0.678413"
1700,step_001700,0,12,0.9074666453317172,0.902322769121381,0.0154330019314447,0.0160473398491483,2,26,"1.385663,0.733545"
1700,step_001700,0,13,0.9021132437327116,0.8961136660459741,0.0163263475490739,0.0170661919319737,2,28,"1.385115,1.048537"
1700,step_001700,0,14,0.8947175380962703,0.8883844458111078,0.0175598683055145,0.0183458102340846,2,30,"1.388754,0.828190"
1700,step_001700,1,0,0.9653504670419796,0.9617781103971278,0.0057792543834013,0.0062766027421278,2,2,"1.423828,1.130335"
1700,step_001700,1,1,0.9580502995785802,0.9554390350874012,0.0069972814680662,0.0073266199335528,2,4,"0.966843,0.795444"
1700,step_001700,1,2,0.951814805584045,0.948280233390422,0.0080371039718128,0.0085054954055584,2,6,"0.915595,0.712035"
1700,step_001700,1,3,0.9457046917521372,0.9426643097033026,0.0090569388229399,0.0094266309098881,2,8,"0.990862,0.592899"
1700,step_001700,1,4,0.9404230416115964,0.9375783478346296,0.009938581528844,0.0102633061540128,2,10,"0.834160,0.480494"
1700,step_001700,1,5,0.9350296562359682,0.9304735599785022,0.0108383852554663,0.0114296145174438,2,12,"0.894404,0.685752"
1700,step_001700,1,6,0.9290363220003858,0.9249482977302044,0.011837880540629,0.0123376128629013,2,14,"0.884522,0.623297"
1700,step_001700,1,7,0.9228703691766662,0.917002767109239,0.0128665454881134,0.0136354890371637,2,16,"0.872549,0.663453"
1700,step_001700,1,8,0.9170231957740174,0.910115429599058,0.0138419655813212,0.0147663519703236,2,18,"0.859262,0.665740"
1700,step_001700,1,9,0.9104532379164714,0.9035545789664072,0.0149372618368751,0.0158461620853526,2,20,"0.678684,0.538781"
1700,step_001700,1,10,0.9036753736227404,0.8971381209911627,0.0160680191080943,0.0168972777628832,2,22,"0.770055,0.507295"
1700,step_001700,1,11,0.8950469840108504,0.8862951958701829,0.0175074978363279,0.0186722567355453,2,24,"0.930214,0.519569"
1700,step_001700,1,12,0.8839035682224722,0.8778814624832979,0.0193664581375213,0.0200467022388219,2,26,"0.836627,0.672596"
1700,step_001700,1,13,0.8707517090567775,0.86489249284502,0.0215599585678743,0.0221770645272385,2,28,"0.828139,0.493774"
1700,step_001700,1,14,0.859529341329165,0.8491309105331574,0.023432264872219,0.0247506231263451,2,30,"0.912400,0.625602"
1700,step_001700,2,0,0.9634896379758136,0.959426864353809,0.0060896483135164,0.0066681863902427,2,2,"0.706594,0.596121"
1700,step_001700,2,1,0.9563438151321204,0.9531398133923222,0.0072817403995921,0.0077010351351876,2,4,"0.462116,0.445450"
1700,step_001700,2,2,0.951637270602319,0.949454257139235,0.0080664473670376,0.0083067738597815,2,6,"0.469107,0.421737"
1700,step_001700,2,3,0.9467381904045284,0.944498022765576,0.0088832128145905,0.0091308168229037,2,8,"0.520135,0.388664"
1700,step_001700,2,4,0.9409137489271048,0.9379243718831196,0.0098544678018234,0.0102163776189922,2,10,"0.609131,0.436128"
1700,step_001700,2,5,0.9324083141983068,0.9276621565122,0.0112739322448363,0.0118938634748388,2,12,"0.689776,0.445763"
1700,step_001700,2,6,0.9213775088888964,0.9146230140791776,0.0131148152040233,0.0140306391481941,2,14,"0.762655,0.491400"
1700,step_001700,2,7,0.9106661052586694,0.9011698347219244,0.0149028096553492,0.0162190638466332,2,16,"0.711899,0.424314"
1700,step_001700,2,8,0.8990451655970633,0.8862419663202535,0.0168420520861343,0.0186661369979293,2,18,"0.783958,0.506579"
1700,step_001700,2,9,0.8833019964473564,0.8674793605822914,0.0194692470518358,0.0217281848034801,2,20,"0.734868,0.486186"
1700,step_001700,2,10,0.8681672447400633,0.8543205711519585,0.0219962309393693,0.0238755180043484,2,22,"0.730395,0.496449"
1700,step_001700,2,11,0.854351824760549,0.8403577330274219,0.0243010573524955,0.0261727830999278,2,24,"0.651177,0.413311"
1700,step_001700,2,12,0.8341521205814194,0.8245213497586749,0.0276723738503283,0.0287701857563762,2,26,"0.736178,0.545167"
1700,step_001700,2,13,0.8101013198408392,0.7963594550009433,0.0316839530352091,0.0333796680356324,2,28,"0.802433,0.561337"
1700,step_001700,2,14,0.7764527597853933,0.7623368886282128,0.0372929148457566,0.0389697311592999,2,30,"0.760408,0.612547"
1700,step_001700,3,0,0.9635522329016044,0.960305520495652,0.0060800955662419,0.0065153138199426,2,2,"0.594737,0.444280"
1700,step_001700,3,1,0.9573618461525764,0.9552139679622892,0.0071121483385861,0.0073545956824233,2,4,"0.395767,0.358603"
1700,step_001700,3,2,0.9519040325534792,0.9495238739325226,0.0080221566562196,0.0082918339839189,2,6,"0.497075,0.423263"
1700,step_001700,3,3,0.9464109894128482,0.9435546151682208,0.0089373866677714,0.009278592344183,2,8,"0.467515,0.281673"
1700,step_001700,3,4,0.9401371278435438,0.937256469208422,0.0099828949675895,0.0103238218258882,2,10,"0.461017,0.331209"
1700,step_001700,3,5,0.9328255797971026,0.929202424601073,0.0112022511141482,0.0116423068433952,2,12,"0.453436,0.376172"
1700,step_001700,3,6,0.9255341146632792,0.9212953347504532,0.0124182613443029,0.0129398050381074,2,14,"0.402864,0.328102"
1700,step_001700,3,7,0.916494138838392,0.9094366383801008,0.0139269758636466,0.0148899440174384,2,16,"0.519900,0.359612"
1700,step_001700,3,8,0.9070815565437176,0.8977541229143705,0.0154976417547564,0.0168008149577081,2,18,"0.507965,0.312582"
1700,step_001700,3,9,0.8939729858650031,0.8839587253887048,0.0176856586674617,0.0190516306869463,2,20,"0.643617,0.433414"
1700,step_001700,3,10,0.8714733925495345,0.862857832391597,0.0214399853299096,0.0225125912614867,2,22,"0.710721,0.498260"
1700,step_001700,3,11,0.8398619279213143,0.829698579317574,0.0267155984743887,0.0279547939662019,2,24,"0.726601,0.479863"
1700,step_001700,3,12,0.8101982323096736,0.8029923029802104,0.0316671510036599,0.0323296910527465,2,26,"0.740311,0.432310"
1700,step_001700,3,13,0.7759292724238437,0.7643360889550576,0.0373825604458232,0.0386682755207736,2,28,"0.699320,0.519444"
1700,step_001700,3,14,0.7416168128929703,0.7235318717109466,0.0431037603448432,0.0454189592145519,2,30,"0.697920,0.458564"
1800,step_001800,0,0,0.948540585724967,0.9429591442476076,0.0085850872971931,0.0093682146885392,2,2,"2.807629,1.610414"
1800,step_001800,0,1,0.9431642527487196,0.9373740032288644,0.0094813497652452,0.0102864536875029,2,4,"1.797815,1.368608"
1800,step_001800,0,2,0.940233482742267,0.9350410302928812,0.0099694915124106,0.0106720710952114,2,6,"1.475224,1.355068"
1800,step_001800,0,3,0.9376919128711876,0.932263231664284,0.0103930279839811,0.0111320908004296,2,8,"1.406012,1.065081"
1800,step_001800,0,4,0.935583715892065,0.9290031335581737,0.0107443980574393,0.0116657800019121,2,10,"1.441130,1.261990"
1800,step_001800,0,5,0.9328739524079844,0.926187300723482,0.0111956229927403,0.0121386543553654,2,12,"1.253810,0.931030"
1800,step_001800,0,6,0.930385496048268,0.924437651644286,0.0116100509255908,0.0124232934814168,2,14,"1.255388,0.963144"
1800,step_001800,0,7,0.9273717754743268,0.9214388639841716,0.0121121392635926,0.0129213874327273,2,16,"1.067668,0.877843"
1800,step_001800,0,8,0.9253782369414206,0.920320940645969,0.0124446548124183,0.0131040619024676,2,18,"0.909358,0.799712"
1800,step_001800,0,9,0.9225419664615128,0.9179014741768912,0.0129173309897979,0.0135014660047376,2,20,"1.102860,0.742642"
1800,step_001800,0,10,0.9190164750447112,0.9141980107795412,0.0135055496235267,0.0141145634397038,2,22,"1.163565,0.711670"
1800,step_001800,0,11,0.914571184274525,0.9084920973154906,0.014247675697742,0.0150387505259989,2,24,"1.315927,0.692125"
1800,step_001800,0,12,0.9089895849512684,0.9038940295648984,0.0151789248664889,0.0157895776915259,2,26,"1.274741,0.763809"
1800,step_001800,0,13,0.9030483555895796,0.8978760805347878,0.0161704416489803,0.0167712223375591,2,28,"1.145406,0.905055"
1800,step_001800,0,14,0.8956596009296391,0.8895249023908643,0.0174028657133386,0.0181564784823166,2,30,"1.443745,0.713735"
1800,step_001800,1,0,0.9663057668261856,0.9628061603325468,0.0056198786790457,0.006108246318384,2,2,"1.447356,1.138420"
1800,step_001800,1,1,0.9588855340812736,0.9560584010205624,0.0068580038822914,0.0072255571794945,2,4,"0.959667,0.799952"
1800,step_001800,1,2,0.9529084641484556,0.9490689873482028,0.0078547628946625,0.0083768130501023,2,6,"0.905192,0.718754"
1800,step_001800,1,3,0.9467370052006396,0.9434961593183004,0.0088848185515331,0.009289694817519,2,8,"1.012179,0.579383"
1800,step_001800,1,4,0.9417758635283217,0.9391560625546092,0.0097129331260105,0.0100048860146898,2,10,"0.855975,0.474126"
1800,step_001800,1,5,0.936263912689316,0.93178587446913,0.0106326031736401,0.0112151213032864,2,12,"0.881283,0.645818"
1800,step_001800,1,6,0.9303805351319157,0.925685357703054,0.0116136973306837,0.0122165373663902,2,14,"0.894129,0.574522"
1800,step_001800,1,7,0.9243632031193711,0.9183910445043342,0.0126174344474962,0.0134085449491656,2,16,"0.925962,0.611618"
1800,step_001800,1,8,0.9182088121838948,0.9104839545538844,0.0136439408579731,0.0147114228882673,2,18,"0.928253,0.645664"
1800,step_001800,1,9,0.9116661673159812,0.9056380969167788,0.0147344547119297,0.0155111911226693,2,20,"0.802915,0.524818"
1800,step_001800,1,10,0.9067153223487844,0.899579720895582,0.015560044384553,0.0165132819267388,2,22,"0.704085,0.563514"
1800,step_001800,1,11,0.8995426012330464,0.8917380899202677,0.0167567561990119,0.0177926971216662,2,24,"0.814982,0.520947"
1800,step_001800,1,12,0.8884346380531106,0.88122054293757,0.0186099448497798,0.0195175140293193,2,26,"0.876775,0.629139"
1800,step_001800,1,13,0.8778016399426799,0.8709620945901261,0.0203835650888129,0.0212013857957043,2,28,"0.822601,0.524037"
1800,step_001800,1,14,0.8633234400363464,0.8555478525465555,0.0227996369509606,0.0237225932903381,2,30,"0.948636,0.599047"
1800,step_001800,2,0,0.9641896649766978,0.9602309995668924,0.0059728061491073,0.0065364591551055,2,2,"0.704039,0.595015"
1800,step_001800,2,1,0.9574294906329418,0.9541167082884988,0.0071005480894441,0.0075416611033086,2,4,"0.454696,0.446420"
1800,step_001800,2,2,0.952876599161791,0.9503775857629798,0.0078596329844927,0.0081555437451375,2,6,"0.431333,0.410799"
1800,step_001800,2,3,0.9481536440373888,0.9458556155355798,0.0086471688202087,0.0089076970061393,2,8,"0.522137,0.403786"
1800,step_001800,2,4,0.9424662006004144,0.9393526372104184,0.0095959137275678,0.0099755819531951,2,10,"0.607468,0.480900"
1800,step_001800,2,5,0.9318737602534664,0.9265953341212516,0.0113641751033521,0.0120576399536299,2,12,"0.751689,0.482867"
1800,step_001800,2,6,0.9210645675619654,0.913990335120998,0.0131682060161157,0.0141181382979489,2,14,"0.762360,0.508218"
1800,step_001800,2,7,0.910433077892954,0.9001832945471823,0.0149423181126467,0.0163719050189577,2,16,"0.700150,0.402161"
1800,step_001800,2,8,0.8990103903525233,0.8873115654672802,0.0168486855690737,0.0184770644522526,2,18,"0.809293,0.488026"
1800,step_001800,2,9,0.8853878258384652,0.8696254397232028,0.0191213765707854,0.0213699798306162,2,20,"0.722229,0.499169"
1800,step_001800,2,10,0.871977412535057,0.8585786433715631,0.0213600019738034,0.0231655597996506,2,22,"0.675178,0.451484"
1800,step_001800,2,11,0.8566399991311524,0.843399970138815,0.0239195986089083,0.0256639275922854,2,24,"0.622424,0.432105"
1800,step_001800,2,12,0.8353398855481241,0.8259396701350538,0.0274755288452563,0.0285086137578254,2,26,"0.671724,0.477356"
1800,step_001800,2,13,0.8083809604466344,0.7930353430406992,0.0319717213247536,0.033902415090756,2,28,"0.758721,0.579471"
1800,step_001800,2,14,0.7843944570612749,0.7676472093949216,0.0359705726344383,0.0380819769262992,2,30,"0.779380,0.653344"
1800,step_001800,3,0,0.9647997591220256,0.961525425030444,0.0058719276833435,0.0063159309910811,2,2,"0.615544,0.451033"
1800,step_001800,3,1,0.9585162513202352,0.9560606476352352,0.0069194334910603,0.0072163434970542,2,4,"0.387682,0.350907"
1800,step_001800,3,2,0.9531120146817657,0.9506947451040584,0.0078206162187596,0.0080999064741251,2,6,"0.477906,0.383534"
1800,step_001800,3,3,0.9476260221718108,0.9445272588527168,0.008734617398762,0.0091195192871115,2,8,"0.498737,0.306833"
1800,step_001800,3,4,0.94194969136117,0.9389320362347168,0.0096805108194233,0.0100485972452748,2,10,"0.469281,0.328025"
1800,step_001800,3,5,0.9343752043120256,0.9305551308439144,0.0109436432024618,0.0114208126884253,2,12,"0.460306,0.385886"
1800,step_001800,3,6,0.9271932537688418,0.9232678576991704,0.0121414008391812,0.0126175290963279,2,14,"0.415858,0.307379"
1800,step_001800,3,7,0.9203427080526,0.9136892380638924,0.0132842995854847,0.0141919046326711,2,16,"0.517324,0.352824"
1800,step_001800,3,8,0.9113180467484566,0.9027085365387288,0.0147902163480346,0.0159925158591614,2,18,"0.501863,0.338298"
1800,step_001800,3,9,0.8991149039243633,0.8901831729759576,0.0168266354716595,0.0180334833439865,2,20,"0.549384,0.391603"
1800,step_001800,3,10,0.87873014459367,0.8674138512721251,0.0202271082932295,0.0217744223408633,2,22,"0.712444,0.507609"
1800,step_001800,3,11,0.8535395079107602,0.8451619762649206,0.0244299419079383,0.0254280188615808,2,24,"0.673580,0.482977"
1800,step_001800,3,12,0.8216692961497886,0.8127293978351,0.02975072788465,0.0307423514030096,2,26,"0.683908,0.445330"
1800,step_001800,3,13,0.789841028551234,0.7771639846947825,0.0350585034709503,0.0365780485648004,2,28,"0.644356,0.486443"
1800,step_001800,3,14,0.7576418937232349,0.741690439433417,0.0404274153028973,0.042454065272403,2,30,"0.651051,0.424953"
1900,step_001900,0,0,0.9506836458741356,0.945460369733208,0.0082281124836897,0.0089535350876035,2,2,"2.776094,1.517096"
1900,step_001900,0,1,0.9449614990767254,0.9394824524908638,0.0091820466506947,0.0099367519904424,2,4,"1.800702,1.295820"
1900,step_001900,0,2,0.942088840570764,0.9374132398453152,0.0096605301073892,0.0102795111392865,2,6,"1.475195,1.299553"
1900,step_001900,0,3,0.9396928955807472,0.9340517344123772,0.0100598628720891,0.010832593805879,2,8,"1.313349,1.011895"
1900,step_001900,0,4,0.9372695913742984,0.9314197856646086,0.0104638077564445,0.0112651345132648,2,10,"1.436128,1.047079"
1900,step_001900,0,5,0.9343728153262986,0.9278301816014228,0.0109461869152135,0.0118620445555259,2,12,"1.205103,0.882510"
1900,step_001900,0,6,0.9320178965618904,0.925451686064778,0.0113387695000213,0.0122529168400195,2,14,"1.317929,1.034099"
1900,step_001900,0,7,0.9287718701514256,0.9233146661282442,0.0118796471351842,0.0126049901188909,2,16,"1.059208,0.799255"
1900,step_001900,0,8,0.9266512286663944,0.9219779765137792,0.0122332030190439,0.0128300824449497,2,18,"0.927830,0.762403"
1900,step_001900,0,9,0.923508554174124,0.9201658785415512,0.0127571850169692,0.0131279477275466,2,20,"1.444009,0.800022"
1900,step_001900,0,10,0.9201914620982002,0.9154236915642951,0.0133102657725417,0.0139077398906907,2,22,"1.289603,0.787048"
1900,step_001900,0,11,0.9169824487765882,0.9117591395922632,0.0138456862278004,0.0145014845346518,2,24,"1.303951,0.678701"
1900,step_001900,0,12,0.911688563262576,0.9070067349647476,0.0147291958042749,0.0152775908325365,2,26,"1.224413,0.790649"
1900,step_001900,0,13,0.906253083843312,0.8999527098245333,0.0156359714567567,0.0164359043686273,2,28,"1.441505,0.922087"
1900,step_001900,0,14,0.8983093842632192,0.8926667671293801,0.016960808497803,0.0176473689140911,2,30,"1.217096,0.927054"
1900,step_001900,1,0,0.9675521652977512,0.9641984050364826,0.0054122147380073,0.005878549809196,2,2,"1.417615,1.117542"
1900,step_001900,1,1,0.960033122424567,0.9573296481689818,0.0066668306538094,0.0070151507279067,2,4,"0.957098,0.796051"
1900,step_001900,1,2,0.9542446230636992,0.9509414649565816,0.0076321698715091,0.0080668255452466,2,6,"0.871633,0.681830"
1900,step_001900,1,3,0.9484703753822488,0.9454982498868416,0.0085958692249199,0.0089589641636123,2,8,"1.007009,0.578897"
1900,step_001900,1,4,0.9432544886541302,0.9401896745329216,0.0094665178217061,0.0098319066214078,2,10,"0.804926,0.449507"
1900,step_001900,1,5,0.9377097787616598,0.9333088447131654,0.0103915782829038,0.0109617453331982,2,12,"0.891769,0.669506"
1900,step_001900,1,6,0.9315795799092872,0.9275732495659827,0.0114138526800688,0.0119060152694563,2,14,"0.870238,0.566620"
1900,step_001900,1,7,0.924926098806606,0.9190173734958332,0.0125237120352086,0.0133027172124043,2,16,"0.844700,0.625165"
1900,step_001900,1,8,0.9190705817811372,0.9116076039916378,0.0135001332237809,0.0145276773422555,2,18,"0.945774,0.726939"
1900,step_001900,1,9,0.9130590843416654,0.9064095500567074,0.0145022379704311,0.0153776449919929,2,20,"0.682019,0.538896"
1900,step_001900,1,10,0.9072592553864496,0.9004518577154829,0.0154698068055034,0.0163545723859699,2,22,"0.660495,0.605253"
1900,step_001900,1,11,0.8982112172304846,0.8893696911485162,0.0169796892901276,0.0181695981398561,2,24,"0.825417,0.542380"
1900,step_001900,1,12,0.8863088384536871,0.880963631323796,0.0189656290351916,0.019543811579342,2,26,"0.779099,0.634308"
1900,step_001900,1,13,0.8736149045007388,0.8667576785208245,0.02108273571007,0.0218711323182956,2,28,"0.810998,0.512712"
1900,step_001900,1,14,0.8617358359368573,0.849713439943368,0.0230658397149468,0.0246416552541807,2,30,"0.974411,0.582147"
1900,step_001900,2,0,0.9654576328398004,0.961633985754864,0.0057613608433918,0.0063073236839274,2,2,"0.716140,0.577705"
1900,step_001900,2,1,0.958933424242081,0.9557398820329388,0.0068497583425839,0.0072751488062473,2,4,"0.454963,0.442335"
1900,step_001900,2,2,0.954646453319786,0.9521506073082104,0.0075645550961975,0.0078648542913571,2,6,"0.450172,0.383195"
1900,step_001900,2,3,0.950167056479687,0.9480169409952136,0.0083112300098452,0.0085532379309651,2,8,"0.514003,0.393587"
1900,step_001900,2,4,0.9437325987741224,0.9402877977959894,0.0093840504821348,0.0098299569035271,2,10,"0.561427,0.450950"
1900,step_001900,2,5,0.9350534482352306,0.9304881884343316,0.0108322782594347,0.0114308263512268,2,12,"0.784063,0.467869"
1900,step_001900,2,6,0.9234590619579884,0.9170425503145286,0.0127669768060279,0.0136311523235735,2,14,"0.790424,0.421010"
1900,step_001900,2,7,0.912868667204782,0.9047122644932724,0.014534296990283,0.0156458082682633,2,16,"0.734746,0.437300"
1900,step_001900,2,8,0.9002667129337348,0.8875788929432186,0.0166368528246394,0.0184503155641827,2,18,"0.765186,0.494247"
1900,step_001900,2,9,0.8876677336761198,0.8752921738406213,0.0187392251133064,0.0204508700401473,2,20,"0.735403,0.451859"
1900,step_001900,2,10,0.8751729506810837,0.8595702002742195,0.0208239092625205,0.0230263016737238,2,22,"0.784084,0.411302"
1900,step_001900,2,11,0.8612248041700766,0.8493171241616645,0.0231509158164246,0.0247152115987077,2,24,"0.697701,0.416414"
1900,step_001900,2,12,0.8417120285385836,0.82880442306785,0.0264037741325304,0.02809346694398,2,26,"0.690584,0.553611"
1900,step_001900,2,13,0.8151203673954232,0.8023334163197994,0.0308378126677529,0.0324452653876161,2,28,"0.728130,0.647588"
1900,step_001900,2,14,0.7796839630467133,0.7636444994653561,0.0367419093857833,0.0388514982420052,2,30,"0.935225,0.610291"
1900,step_001900,3,0,0.9667025007864706,0.96365099301189,0.0055545961313242,0.0059672970507119,2,2,"0.610298,0.458522"
1900,step_001900,3,1,0.9604351382911596,0.9582578701882826,0.0065995100491206,0.0068557693230873,2,4,"0.385662,0.335529"
1900,step_001900,3,2,0.954810380042677,0.952830813819704,0.0075372839428156,0.007750836996218,2,6,"0.433259,0.406389"
1900,step_001900,3,3,0.9499807184877171,0.9472701577481564,0.0083419982390416,0.0086686546150679,2,8,"0.491800,0.307214"
1900,step_001900,3,4,0.9438725706982072,0.9408965221737324,0.0093602233985913,0.0097207288765333,2,10,"0.435849,0.339590"
1900,step_001900,3,5,0.9364858208632236,0.9323798001287712,0.0105919354912799,0.0111145405657643,2,12,"0.456236,0.335174"
1900,step_001900,3,6,0.9286963495014916,0.9243808661114836,0.011890646666363,0.0124363476666196,2,14,"0.428117,0.279500"
1900,step_001900,3,7,0.9211509259181736,0.9146705111525454,0.0131484681544412,0.0140426095239366,2,16,"0.550776,0.327387"
1900,step_001900,3,8,0.9123566897830848,0.9051177553960108,0.0146155574797143,0.0156077975870077,2,18,"0.471192,0.321028"
1900,step_001900,3,9,0.900882085488402,0.8921239280966753,0.0165292029381899,0.0177323031896423,2,20,"0.627767,0.473480"
1900,step_001900,3,10,0.880068359668773,0.8685966046505208,0.0200001779842458,0.0216186698582518,2,22,"0.651677,0.496647"
1900,step_001900,3,11,0.8596613888984938,0.8494645375337817,0.0234043814431157,0.0247672780439018,2,24,"0.687874,0.427953"
1900,step_001900,3,12,0.8298457134261845,0.8170156388536854,0.0283795897204041,0.0301099776053447,2,26,"0.703676,0.518321"
1900,step_001900,3,13,0.7938194785721645,0.7821079880913849,0.0343892504159912,0.0358239360779669,2,28,"0.755764,0.529103"
1900,step_001900,3,14,0.761330946745112,0.7475299464329909,0.0398091824127104,0.0415343827815514,2,30,"0.625952,0.411532"
2000,epoch_01,0,0,0.9507537322671248,0.9451697855555028,0.0082161502612554,0.0090015035216469,2,2,"2.678593,1.484550"
2000,step_002000,0,0,0.9507537322671248,0.9451697855555028,0.0082161502612554,0.0090015035216469,2,2,"2.678593,1.484550"
2000,epoch_01,0,1,0.9455015543876626,0.9400007470887888,0.0090917602215489,0.0098514403638182,2,4,"1.646692,1.246394"
2000,step_002000,0,1,0.9455015543876626,0.9400007470887888,0.0090917602215489,0.0098514403638182,2,4,"1.646692,1.246394"
2000,epoch_01,0,2,0.9426987843787794,0.937467183298394,0.0095586210050587,0.0102707518935398,2,6,"1.579121,1.186688"
2000,step_002000,0,2,0.9426987843787794,0.937467183298394,0.0095586210050587,0.0102707518935398,2,6,"1.579121,1.186688"
2000,epoch_01,0,3,0.9404966006014884,0.9348965411669458,0.0099255428134395,0.0106948247723966,2,8,"1.331923,1.014521"
2000,step_002000,0,3,0.9404966006014884,0.9348965411669458,0.0099255428134395,0.0106948247723966,2,8,"1.331923,1.014521"
2000,epoch_01,0,4,0.938330736195474,0.932283248614346,0.0102865501318611,0.0111244698529453,2,10,"1.458653,1.126222"
2000,step_002000,0,4,0.938330736195474,0.932283248614346,0.0102865501318611,0.0111244698529453,2,10,"1.458653,1.126222"
2000,epoch_01,0,5,0.9357210977920918,0.9293616176481642,0.0107210820060085,0.0116125360592445,2,12,"1.161785,0.994897"
2000,step_002000,0,5,0.9357210977920918,0.9293616176481642,0.0107210820060085,0.0116125360592445,2,12,"1.161785,0.994897"
2000,epoch_01,0,6,0.9331989962678278,0.927557318613767,0.011141234169791,0.0119056657399919,2,14,"1.242184,1.015449"
2000,step_002000,0,6,0.9331989962678278,0.927557318613767,0.011141234169791,0.0119056657399919,2,14,"1.242184,1.015449"
2000,epoch_01,0,7,0.9303580857178148,0.9246825294023616,0.01161470677814,0.0123826453778826,2,16,"1.103056,0.851075"
2000,step_002000,0,7,0.9303580857178148,0.9246825294023616,0.01161470677814,0.0123826453778826,2,16,"1.103056,0.851075"
2000,epoch_01,0,8,0.928572691822494,0.9233451576559673,0.0119123583480555,0.0126029718247507,2,18,"0.890131,0.817614"
2000,step_002000,0,8,0.928572691822494,0.9233451576559673,0.0119123583480555,0.0126029718247507,2,18,"0.890131,0.817614"
2000,epoch_01,0,9,0.9259101751456186,0.9219018844741632,0.0123561343895812,0.0128413376860587,2,20,"1.118865,0.748828"
2000,step_002000,0,9,0.9259101751456186,0.9219018844741632,0.0123561343895812,0.0128413376860587,2,20,"1.118865,0.748828"
2000,epoch_01,0,10,0.9217129505016196,0.917264061379158,0.0130563012307383,0.0136046293625494,2,22,"1.187051,0.760321"
2000,step_002000,0,10,0.9217129505016196,0.917264061379158,0.0130563012307383,0.0136046293625494,2,22,"1.187051,0.760321"
2000,epoch_01,0,11,0.918639839724494,0.9131696063685384,0.0135691003454262,0.0142689130180261,2,24,"1.248895,0.752498"
2000,step_002000,0,11,0.918639839724494,0.9131696063685384,0.0135691003454262,0.0142689130180261,2,24,"1.248895,0.752498"
2000,epoch_01,0,12,0.9136425202226408,0.909013403901556,0.0144031986745295,0.0149471786737835,2,26,"1.229917,0.727067"
2000,step_002000,0,12,0.9136425202226408,0.909013403901556,0.0144031986745295,0.0149471786737835,2,26,"1.229917,0.727067"
2000,epoch_01,0,13,0.9084677267895636,0.9027456912100774,0.0152664469220918,0.0159729353443495,2,28,"1.289452,0.886976"
2000,step_002000,0,13,0.9084677267895636,0.9027456912100774,0.0152664469220918,0.0159729353443495,2,28,"1.289452,0.886976"
2000,epoch_01,0,14,0.9014799179941596,0.8951732967628123,0.0164312776715353,0.0172334703216097,2,30,"1.387502,0.815053"
2000,step_002000,0,14,0.9014799179941596,0.8951732967628123,0.0164312776715353,0.0172334703216097,2,30,"1.387502,0.815053"
2000,epoch_01,1,0,0.9684848449014168,0.9650987497718492,0.0052565753101143,0.0057302420410813,2,2,"1.412794,1.093330"
2000,step_002000,1,0,0.9684848449014168,0.9650987497718492,0.0052565753101143,0.0057302420410813,2,2,"1.412794,1.093330"
2000,epoch_01,1,1,0.961184429966422,0.958239379254944,0.0064746908805088,0.0068660441789917,2,4,"0.997782,0.777957"
2000,step_002000,1,1,0.961184429966422,0.958239379254944,0.0064746908805088,0.0068660441789917,2,4,"0.997782,0.777957"
2000,epoch_01,1,2,0.9556519846422854,0.95216088333146,0.0073973154145566,0.0078680511406626,2,6,"0.870840,0.676495"
2000,step_002000,1,2,0.9556519846422854,0.95216088333146,0.0073973154145566,0.0078680511406626,2,6,"0.870840,0.676495"
2000,epoch_01,1,3,0.9502672212233956,0.9471526161620124,0.0082959442695643,0.0086872866175103,2,8,"1.000184,0.578331"
2000,step_002000,1,3,0.9502672212233956,0.9471526161620124,0.0082959442695643,0.0086872866175103,2,8,"1.000184,0.578331"
2000,epoch_01,1,4,0.9450416940255696,0.941656483442189,0.0091682336195516,0.0095909612198078,2,10,"0.787370,0.461510"
2000,step_002000,1,4,0.9450416940255696,0.941656483442189,0.0091682336195516,0.0095909612198078,2,10,"0.787370,0.461510"
2000,epoch_01,1,5,0.9397523450440026,0.9356310185395844,0.0100509826406111,0.0105795310348669,2,12,"0.876052,0.656735"
2000,step_002000,1,5,0.9397523450440026,0.9356310185395844,0.0100509826406111,0.0105795310348669,2,12,"0.876052,0.656735"
2000,epoch_01,1,6,0.9341670402776074,0.929855184840076,0.0109824162717834,0.0115270052946877,2,14,"0.873553,0.581530"
2000,step_002000,1,6,0.9341670402776074,0.929855184840076,0.0109824162717834,0.0115270052946877,2,14,"0.873553,0.581530"
2000,epoch_01,1,7,0.9283585730253784,0.9226839987660808,0.0119511748138169,0.0126974356705008,2,16,"0.891626,0.650665"
2000,step_002000,1,7,0.9283585730253784,0.9226839987660808,0.0119511748138169,0.0126974356705008,2,16,"0.891626,0.650665"
2000,epoch_01,1,8,0.9225926069183832,0.915915070115794,0.0129122057919901,0.0138180726140208,2,18,"0.913922,0.613705"
2000,step_002000,1,8,0.9225926069183832,0.915915070115794,0.0129122057919901,0.0138180726140208,2,18,"0.913922,0.613705"
2000,epoch_01,1,9,0.915025544916984,0.908497523581358,0.0141737033081809,0.0150389076500539,2,20,"0.664388,0.575090"
2000,step_002000,1,9,0.915025544916984,0.908497523581358,0.0141737033081809,0.0150389076500539,2,20,"0.664388,0.575090"
2000,epoch_01,1,10,0.9094202757047216,0.9021508587653044,0.015108859159645,0.0160785188183654,2,22,"0.661854,0.595003"
2000,step_002000,1,10,0.9094202757047216,0.9021508587653044,0.015108859159645,0.0160785188183654,2,22,"0.661854,0.595003"
2000,epoch_01,1,11,0.9011206651599456,0.8932606633579464,0.0164936269466864,0.0175377553858009,2,24,"0.821645,0.555214"
2000,step_002000,1,11,0.9011206651599456,0.8932606633579464,0.0164936269466864,0.0175377553858009,2,24,"0.821645,0.555214"
2000,epoch_01,1,12,0.8901484408325219,0.8834186563879349,0.0183243470615828,0.019144032195793,2,26,"0.883125,0.669407"
2000,step_002000,1,12,0.8901484408325219,0.8834186563879349,0.0183243470615828,0.019144032195793,2,26,"0.883125,0.669407"
2000,epoch_01,1,13,0.8804693308928595,0.8750653743124527,0.0199384382806233,0.02052148699878,2,28,"0.839929,0.531592"
2000,step_002000,1,13,0.8804693308928595,0.8750653743124527,0.0199384382806233,0.02052148699878,2,28,"0.839929,0.531592"
2000,epoch_01,1,14,0.8708918879328261,0.8624284063688746,0.0215365194791987,0.0225786524754581,2,30,"0.880176,0.596920"
2000,step_002000,1,14,0.8708918879328261,0.8624284063688746,0.0215365194791987,0.0225786524754581,2,30,"0.880176,0.596920"
2000,epoch_01,2,0,0.9667319298535094,0.9626631875282902,0.0055487978009008,0.0061389333343114,2,2,"0.759839,0.592015"
2000,step_002000,2,0,0.9667319298535094,0.9626631875282902,0.0055487978009008,0.0061389333343114,2,2,"0.759839,0.592015"
2000,epoch_01,2,1,0.9602675273258487,0.9571768616186912,0.0066270385540226,0.0070403164718994,2,4,"0.473366,0.460867"
2000,step_002000,2,1,0.9602675273258487,0.9571768616186912,0.0066270385540226,0.0070403164718994,2,4,"0.473366,0.460867"
2000,epoch_01,2,2,0.9564426472993164,0.9535948410077152,0.0072646503345623,0.0076304248727087,2,6,"0.463842,0.402165"
2000,step_002000,2,2,0.9564426472993164,0.9535948410077152,0.0072646503345623,0.0076304248727087,2,6,"0.463842,0.402165"
2000,epoch_01,2,3,0.9524608204071768,0.9498937076598796,0.0079283968602036,0.0082453035392093,2,8,"0.457855,0.371990"
2000,step_002000,2,3,0.9524608204071768,0.9498937076598796,0.0079283968602036,0.0082453035392093,2,8,"0.457855,0.371990"
2000,epoch_01,2,4,0.94618369233448,0.9432791596916834,0.0089749871258484,0.0093372028302801,2,10,"0.536163,0.442732"
2000,step_002000,2,4,0.94618369233448,0.9432791596916834,0.0089749871258484,0.0093372028302801,2,10,"0.536163,0.442732"
2000,epoch_01,2,5,0.938729874586433,0.9340850316841512,0.0102180848868381,0.0108480439067695,2,12,"0.745881,0.464171"
2000,step_002000,2,5,0.938729874586433,0.9340850316841512,0.0102180848868381,0.0108480439067695,2,12,"0.745881,0.464171"
2000,epoch_01,2,6,0.926993747702156,0.9216540756268812,0.0121764343236503,0.012875618930455,2,14,"0.782737,0.409563"
2000,step_002000,2,6,0.926993747702156,0.9216540756268812,0.0121764343236503,0.012875618930455,2,14,"0.782737,0.409563"
2000,epoch_01,2,7,0.9165075339250532,0.90720198046345,0.0139263353592851,0.0152403455187208,2,16,"0.739412,0.458467"
2000,step_002000,2,7,0.9165075339250532,0.90720198046345,0.0139263353592851,0.0152403455187208,2,16,"0.739412,0.458467"
2000,epoch_01,2,8,0.90460574102362,0.8942150041465968,0.0159122722776452,0.0173631312510959,2,18,"0.822925,0.511718"
2000,step_002000,2,8,0.90460574102362,0.8942150041465968,0.0159122722776452,0.0173631312510959,2,18,"0.822925,0.511718"
2000,epoch_01,2,9,0.8927301594984268,0.8801845438375352,0.0178940151898272,0.0196472274708212,2,20,"0.702487,0.434193"
2000,step_002000,2,9,0.8927301594984268,0.8801845438375352,0.0178940151898272,0.0196472274708212,2,20,"0.702487,0.434193"
2000,epoch_01,2,10,0.8809328992078266,0.8674798430156946,0.0198621666634719,0.0217305370353743,2,22,"0.748591,0.434651"
2000,step_002000,2,10,0.8809328992078266,0.8674798430156946,0.0198621666634719,0.0217305370353743,2,22,"0.748591,0.434651"
2000,epoch_01,2,11,0.8644881566177719,0.8529153343949325,0.022606055636984,0.0241231951517686,2,24,"0.751673,0.424301"
2000,step_002000,2,11,0.8644881566177719,0.8529153343949325,0.022606055636984,0.0241231951517686,2,24,"0.751673,0.424301"
2000,epoch_01,2,12,0.8458738656043548,0.8332698755950475,0.0257094581048955,0.0273512643696794,2,26,"0.668288,0.563845"
2000,step_002000,2,12,0.8458738656043548,0.8332698755950475,0.0257094581048955,0.0273512643696794,2,26,"0.668288,0.563845"
2000,epoch_01,2,13,0.8211010296961053,0.8083443652762533,0.029841003646085,0.0314383576577637,2,28,"0.776510,0.679627"
2000,step_002000,2,13,0.8211010296961053,0.8083443652762533,0.029841003646085,0.0314383576577637,2,28,"0.776510,0.679627"
2000,epoch_01,2,14,0.7926652801801236,0.7773453876393733,0.0345790082119928,0.0365621116344116,2,30,"0.883597,0.564696"
2000,step_002000,2,14,0.7926652801801236,0.7773453876393733,0.0345790082119928,0.0365621116344116,2,30,"0.883597,0.564696"
2000,epoch_01,3,0,0.967730019939644,0.9645234555102016,0.0053831967873911,0.0058231844326083,2,2,"0.627808,0.473620"
2000,step_002000,3,0,0.967730019939644,0.9645234555102016,0.0053831967873911,0.0058231844326083,2,2,"0.627808,0.473620"
2000,epoch_01,3,1,0.9615186494764832,0.959078301101369,0.0064186713564238,0.0067217380599834,2,4,"0.362203,0.346742"
2000,step_002000,3,1,0.9615186494764832,0.959078301101369,0.0064186713564238,0.0067217380599834,2,4,"0.362203,0.346742"
2000,epoch_01,3,2,0.9563317845610791,0.9543101026240084,0.0072836932907547,0.0075065912471415,2,6,"0.449337,0.414126"
2000,step_002000,3,2,0.9563317845610791,0.9543101026240084,0.0072836932907547,0.0075065912471415,2,6,"0.449337,0.414126"
2000,epoch_01,3,3,0.951784622931159,0.94910991764757,0.0080414893003979,0.0083624636139616,2,8,"0.483866,0.303696"
2000,step_002000,3,3,0.951784622931159,0.94910991764757,0.0080414893003979,0.0083624636139616,2,8,"0.483866,0.303696"
2000,epoch_01,3,4,0.9455793030684148,0.9421195390020792,0.0090756340374822,0.0095189165395783,2,10,"0.432579,0.325163"
2000,step_002000,3,4,0.9455793030684148,0.9421195390020792,0.0090756340374822,0.0095189165395783,2,10,"0.432579,0.325163"
2000,epoch_01,3,5,0.9385337955708613,0.9344362496595932,0.0102501326515136,0.0107794952854582,2,12,"0.458387,0.343536"
2000,step_002000,3,5,0.9385337955708613,0.9344362496595932,0.0102501326515136,0.0107794952854582,2,12,"0.458387,0.343536"
2000,epoch_01,3,6,0.9319722679777062,0.9272248280492196,0.0113438361414661,0.0119729574630703,2,14,"0.448330,0.309834"
2000,step_002000,3,6,0.9319722679777062,0.9272248280492196,0.0113438361414661,0.0119729574630703,2,14,"0.448330,0.309834"
2000,epoch_01,3,7,0.9249953511541424,0.9189851062757928,0.0125071559982648,0.0133385694915385,2,16,"0.499806,0.334117"
2000,step_002000,3,7,0.9249953511541424,0.9189851062757928,0.0125071559982648,0.0133385694915385,2,16,"0.499806,0.334117"
2000,epoch_01,3,8,0.9160047237547758,0.908478375367478,0.0140073179220848,0.0150557740900625,2,18,"0.478268,0.329990"
2000,step_002000,3,8,0.9160047237547758,0.908478375367478,0.0140073179220848,0.0150557740900625,2,18,"0.478268,0.329990"
2000,epoch_01,3,9,0.9029841394359762,0.894313133239125,0.0161787000251973,0.0173935427444781,2,20,"0.688453,0.401685"
2000,step_002000,3,9,0.9029841394359762,0.894313133239125,0.0161787000251973,0.0173935427444781,2,20,"0.688453,0.401685"
2000,epoch_01,3,10,0.8849723193199258,0.8744318332032711,0.0191819163397682,0.0206707740320392,2,22,"0.645580,0.470297"
2000,step_002000,3,10,0.8849723193199258,0.8744318332032711,0.0191819163397682,0.0206707740320392,2,22,"0.645580,0.470297"
2000,epoch_01,3,11,0.8641569098441275,0.8524596415275093,0.0226552089497468,0.0242803669436224,2,24,"0.660960,0.482251"
2000,step_002000,3,11,0.8641569098441275,0.8524596415275093,0.0226552089497468,0.0242803669436224,2,24,"0.660960,0.482251"
2000,epoch_01,3,12,0.8380938963928002,0.8270623099624151,0.0270048755962826,0.0284538932343928,2,26,"0.618238,0.480783"
2000,step_002000,3,12,0.8380938963928002,0.8270623099624151,0.0270048755962826,0.0284538932343928,2,26,"0.618238,0.480783"
2000,epoch_01,3,13,0.7984672915293768,0.7837446591029004,0.0336132628131991,0.0355923888946305,2,28,"0.673137,0.569834"
2000,step_002000,3,13,0.7984672915293768,0.7837446591029004,0.0336132628131991,0.0355923888946305,2,28,"0.673137,0.569834"
2000,epoch_01,3,14,0.7663606751093655,0.7525649003151721,0.0389690739927828,0.0407228076172774,2,30,"0.740219,0.468209"
2000,step_002000,3,14,0.7663606751093655,0.7525649003151721,0.0389690739927828,0.0407228076172774,2,30,"0.740219,0.468209"
2001,best_model,0,0,0.9507537322671248,0.9451697855555028,0.0082161502612554,0.0090015035216469,2,2,"2.678593,1.484550"
2001,best_model,0,1,0.9455015543876626,0.9400007470887888,0.0090917602215489,0.0098514403638182,2,4,"1.646692,1.246394"
2001,best_model,0,2,0.9426987843787794,0.937467183298394,0.0095586210050587,0.0102707518935398,2,6,"1.579121,1.186688"
2001,best_model,0,3,0.9404966006014884,0.9348965411669458,0.0099255428134395,0.0106948247723966,2,8,"1.331923,1.014521"
2001,best_model,0,4,0.938330736195474,0.932283248614346,0.0102865501318611,0.0111244698529453,2,10,"1.458653,1.126222"
2001,best_model,0,5,0.9357210977920918,0.9293616176481642,0.0107210820060085,0.0116125360592445,2,12,"1.161785,0.994897"
2001,best_model,0,6,0.9331989962678278,0.927557318613767,0.011141234169791,0.0119056657399919,2,14,"1.242184,1.015449"
2001,best_model,0,7,0.9303580857178148,0.9246825294023616,0.01161470677814,0.0123826453778826,2,16,"1.103056,0.851075"
2001,best_model,0,8,0.928572691822494,0.9233451576559673,0.0119123583480555,0.0126029718247507,2,18,"0.890131,0.817614"
2001,best_model,0,9,0.9259101751456186,0.9219018844741632,0.0123561343895812,0.0128413376860587,2,20,"1.118865,0.748828"
2001,best_model,0,10,0.9217129505016196,0.917264061379158,0.0130563012307383,0.0136046293625494,2,22,"1.187051,0.760321"
2001,best_model,0,11,0.918639839724494,0.9131696063685384,0.0135691003454262,0.0142689130180261,2,24,"1.248895,0.752498"
2001,best_model,0,12,0.9136425202226408,0.909013403901556,0.0144031986745295,0.0149471786737835,2,26,"1.229917,0.727067"
2001,best_model,0,13,0.9084677267895636,0.9027456912100774,0.0152664469220918,0.0159729353443495,2,28,"1.289452,0.886976"
2001,best_model,0,14,0.9014799179941596,0.8951732967628123,0.0164312776715353,0.0172334703216097,2,30,"1.387502,0.815053"
2001,best_model,1,0,0.9684848449014168,0.9650987497718492,0.0052565753101143,0.0057302420410813,2,2,"1.412794,1.093330"
2001,best_model,1,1,0.961184429966422,0.958239379254944,0.0064746908805088,0.0068660441789917,2,4,"0.997782,0.777957"
2001,best_model,1,2,0.9556519846422854,0.95216088333146,0.0073973154145566,0.0078680511406626,2,6,"0.870840,0.676495"
2001,best_model,1,3,0.9502672212233956,0.9471526161620124,0.0082959442695643,0.0086872866175103,2,8,"1.000184,0.578331"
2001,best_model,1,4,0.9450416940255696,0.941656483442189,0.0091682336195516,0.0095909612198078,2,10,"0.787370,0.461510"
2001,best_model,1,5,0.9397523450440026,0.9356310185395844,0.0100509826406111,0.0105795310348669,2,12,"0.876052,0.656735"
2001,best_model,1,6,0.9341670402776074,0.929855184840076,0.0109824162717834,0.0115270052946877,2,14,"0.873553,0.581530"
2001,best_model,1,7,0.9283585730253784,0.9226839987660808,0.0119511748138169,0.0126974356705008,2,16,"0.891626,0.650665"
2001,best_model,1,8,0.9225926069183832,0.915915070115794,0.0129122057919901,0.0138180726140208,2,18,"0.913922,0.613705"
2001,best_model,1,9,0.915025544916984,0.908497523581358,0.0141737033081809,0.0150389076500539,2,20,"0.664388,0.575090"
2001,best_model,1,10,0.9094202757047216,0.9021508587653044,0.015108859159645,0.0160785188183654,2,22,"0.661854,0.595003"
2001,best_model,1,11,0.9011206651599456,0.8932606633579464,0.0164936269466864,0.0175377553858009,2,24,"0.821645,0.555214"
2001,best_model,1,12,0.8901484408325219,0.8834186563879349,0.0183243470615828,0.019144032195793,2,26,"0.883125,0.669407"
2001,best_model,1,13,0.8804693308928595,0.8750653743124527,0.0199384382806233,0.02052148699878,2,28,"0.839929,0.531592"
2001,best_model,1,14,0.8708918879328261,0.8624284063688746,0.0215365194791987,0.0225786524754581,2,30,"0.880176,0.596920"
2001,best_model,2,0,0.9667319298535094,0.9626631875282902,0.0055487978009008,0.0061389333343114,2,2,"0.759839,0.592015"
2001,best_model,2,1,0.9602675273258487,0.9571768616186912,0.0066270385540226,0.0070403164718994,2,4,"0.473366,0.460867"
2001,best_model,2,2,0.9564426472993164,0.9535948410077152,0.0072646503345623,0.0076304248727087,2,6,"0.463842,0.402165"
2001,best_model,2,3,0.9524608204071768,0.9498937076598796,0.0079283968602036,0.0082453035392093,2,8,"0.457855,0.371990"
2001,best_model,2,4,0.94618369233448,0.9432791596916834,0.0089749871258484,0.0093372028302801,2,10,"0.536163,0.442732"
2001,best_model,2,5,0.938729874586433,0.9340850316841512,0.0102180848868381,0.0108480439067695,2,12,"0.745881,0.464171"
2001,best_model,2,6,0.926993747702156,0.9216540756268812,0.0121764343236503,0.012875618930455,2,14,"0.782737,0.409563"
2001,best_model,2,7,0.9165075339250532,0.90720198046345,0.0139263353592851,0.0152403455187208,2,16,"0.739412,0.458467"
2001,best_model,2,8,0.90460574102362,0.8942150041465968,0.0159122722776452,0.0173631312510959,2,18,"0.822925,0.511718"
2001,best_model,2,9,0.8927301594984268,0.8801845438375352,0.0178940151898272,0.0196472274708212,2,20,"0.702487,0.434193"
2001,best_model,2,10,0.8809328992078266,0.8674798430156946,0.0198621666634719,0.0217305370353743,2,22,"0.748591,0.434651"
2001,best_model,2,11,0.8644881566177719,0.8529153343949325,0.022606055636984,0.0241231951517686,2,24,"0.751673,0.424301"
2001,best_model,2,12,0.8458738656043548,0.8332698755950475,0.0257094581048955,0.0273512643696794,2,26,"0.668288,0.563845"
2001,best_model,2,13,0.8211010296961053,0.8083443652762533,0.029841003646085,0.0314383576577637,2,28,"0.776510,0.679627"
2001,best_model,2,14,0.7926652801801236,0.7773453876393733,0.0345790082119928,0.0365621116344116,2,30,"0.883597,0.564696"
2001,best_model,3,0,0.967730019939644,0.9645234555102016,0.0053831967873911,0.0058231844326083,2,2,"0.627808,0.473620"
2001,best_model,3,1,0.9615186494764832,0.959078301101369,0.0064186713564238,0.0067217380599834,2,4,"0.362203,0.346742"
2001,best_model,3,2,0.9563317845610791,0.9543101026240084,0.0072836932907547,0.0075065912471415,2,6,"0.449337,0.414126"
2001,best_model,3,3,0.951784622931159,0.94910991764757,0.0080414893003979,0.0083624636139616,2,8,"0.483866,0.303696"
2001,best_model,3,4,0.9455793030684148,0.9421195390020792,0.0090756340374822,0.0095189165395783,2,10,"0.432579,0.325163"
2001,best_model,3,5,0.9385337955708613,0.9344362496595932,0.0102501326515136,0.0107794952854582,2,12,"0.458387,0.343536"
2001,best_model,3,6,0.9319722679777062,0.9272248280492196,0.0113438361414661,0.0119729574630703,2,14,"0.448330,0.309834"
2001,best_model,3,7,0.9249953511541424,0.9189851062757928,0.0125071559982648,0.0133385694915385,2,16,"0.499806,0.334117"
2001,best_model,3,8,0.9160047237547758,0.908478375367478,0.0140073179220848,0.0150557740900625,2,18,"0.478268,0.329990"
2001,best_model,3,9,0.9029841394359762,0.894313133239125,0.0161787000251973,0.0173935427444781,2,20,"0.688453,0.401685"
2001,best_model,3,10,0.8849723193199258,0.8744318332032711,0.0191819163397682,0.0206707740320392,2,22,"0.645580,0.470297"
2001,best_model,3,11,0.8641569098441275,0.8524596415275093,0.0226552089497468,0.0242803669436224,2,24,"0.660960,0.482251"
2001,best_model,3,12,0.8380938963928002,0.8270623099624151,0.0270048755962826,0.0284538932343928,2,26,"0.618238,0.480783"
2001,best_model,3,13,0.7984672915293768,0.7837446591029004,0.0336132628131991,0.0355923888946305,2,28,"0.673137,0.569834"
2001,best_model,3,14,0.7663606751093655,0.7525649003151721,0.0389690739927828,0.0407228076172774,2,30,"0.740219,0.468209"
4000,step_004000,0,0,0.9903841977504524,0.9907984952100192,0.0016124930478933,0.0015551274574066,2,2,"2.044776,1.427223"
4000,step_004000,0,1,0.987720953423739,0.9883638650985108,0.0020587547161815,0.0019665844585655,2,4,"1.407511,1.197406"
4000,step_004000,0,2,0.9859468890738532,0.986662361299765,0.0023564181906617,0.0022541789539772,2,6,"1.317331,0.973778"
4000,step_004000,0,3,0.9845803417730136,0.9852996235214914,0.0025857058612549,0.0024844993677191,2,8,"1.056580,1.009218"
4000,step_004000,0,4,0.9830355956020724,0.9841297854962976,0.0028448940903452,0.0026822261514944,2,10,"1.044853,0.774836"
4000,step_004000,0,5,0.981513127461346,0.982754317317103,0.0031000447451394,0.0029147097184221,2,12,"1.071229,0.946169"
4000,step_004000,0,6,0.9802856521334756,0.9817519262210171,0.0033060937089532,0.0030841432893057,2,14,"0.941276,0.728793"
4000,step_004000,0,7,0.9792118194230314,0.9805995507998246,0.0034864817506204,0.0032789276193733,2,16,"1.033608,0.656772"
4000,step_004000,0,8,0.9776456959513088,0.9789894405422958,0.0037496132266765,0.0035511124788222,2,18,"1.319622,0.703444"
4000,step_004000,0,9,0.9754307349788082,0.9767778172212602,0.0041213184959509,0.0039249345941932,2,20,"1.523057,0.991775"
4000,step_004000,0,10,0.9730681501533226,0.9742697861788072,0.0045176224314457,0.004348791636223,2,22,"1.295773,1.002166"
4000,step_004000,0,11,0.9704064562799172,0.9714146514460972,0.004964081818906,0.004831343325373,2,24,"1.131507,0.934703"
4000,step_004000,0,12,0.9672722002483196,0.9682325935269508,0.005489892908593,0.0053691128585876,2,26,"1.103825,0.749779"
4000,step_004000,0,13,0.9633072050630008,0.9637312096694972,0.0061542778636368,0.0061298780600783,2,28,"1.036279,0.842389"
4000,step_004000,0,14,0.9574395531378268,0.9579057782009056,0.0071390029379964,0.0071145104696368,2,30,"1.236042,1.035412"
4000,step_004000,1,0,0.9925825908822778,0.9931056420729152,0.00124462899642,0.0011652611969454,2,2,"0.696641,0.530868"
4000,step_004000,1,1,0.9902087329611676,0.9907207535750984,0.0016420096936606,0.0015682746637924,2,4,"0.501742,0.443419"
4000,step_004000,1,2,0.9886673737380992,0.9894257194490574,0.0019002812651581,0.0017871518306717,2,6,"0.462178,0.395227"
4000,step_004000,1,3,0.9867545457075174,0.9875813809686363,0.0022211074718694,0.0020988812408874,2,8,"0.513471,0.354981"
4000,step_004000,1,4,0.9844603115709272,0.9855635252303848,0.0026062860240311,0.0024399463096552,2,10,"0.615553,0.367358"
4000,step_004000,1,5,0.9817048556527338,0.9824921625522904,0.0030688038485326,0.0029591111179898,2,12,"0.631131,0.445418"
4000,step_004000,1,6,0.9780914896905876,0.9787634291602592,0.003675572207579,0.003589381670578,2,14,"0.643717,0.437708"
4000,step_004000,1,7,0.9743745043495858,0.9750269156336132,0.0042993735045934,0.0042209431518434,2,16,"0.727473,0.540837"
4000,step_004000,1,8,0.96629288578299,0.9662451244424513,0.0056560039099547,0.0057053155475406,2,18,"0.821720,0.534841"
4000,step_004000,1,9,0.9592053532456344,0.9596360880314496,0.0068451547052019,0.0068224004721208,2,20,"0.847619,0.586008"
4000,step_004000,1,10,0.9515158357457332,0.9516951479877864,0.0081342831967898,0.0081645448976076,2,22,"0.783499,0.703696"
4000,step_004000,1,11,0.9412581045412008,0.942977038878755,0.0098554924253125,0.0096380140756196,2,24,"0.788148,0.635575"
4000,step_004000,1,12,0.9289195908477744,0.9304400493305496,0.0119251706508387,0.0117569915811322,2,26,"0.774096,0.629253"
4000,step_004000,1,13,0.9166346986362782,0.9186211668144408,0.0139839994688385,0.0137542488959263,2,28,"0.822753,0.608373"
4000,step_004000,1,14,0.90311739948461,0.9047542915200708,0.0162464815333261,0.016097601241906,2,30,"0.950690,0.641083"
4000,step_004000,2,0,0.9928277517990084,0.993142611734489,0.0012033482651768,0.0011589996768527,2,2,"0.460105,0.363226"
4000,step_004000,2,1,0.9906931092551486,0.9911839267220725,0.0015612642710526,0.0014900408220463,2,4,"0.404082,0.361121"
4000,step_004000,2,2,0.9884427300914388,0.989065503699201,0.0019384890338414,0.0018480634307887,2,6,"0.402053,0.343402"
4000,step_004000,2,3,0.9858298540111632,0.986397201480793,0.0023766758677382,0.0022990342283,2,8,"0.472184,0.304512"
4000,step_004000,2,4,0.9830707935006512,0.9834252619005626,0.0028392911913957,0.002801361345711,2,10,"0.451425,0.371925"
4000,step_004000,2,5,0.97900976498948,0.9791448157038206,0.0035207737730146,0.0035248666755764,2,12,"0.508226,0.376355"
4000,step_004000,2,6,0.974626276695114,0.9742805214888272,0.0042563934161388,0.0043470682921947,2,14,"0.455319,0.398530"
4000,step_004000,2,7,0.9686700061576152,0.9691324331995737,0.0052554245128303,0.0052171576390366,2,16,"0.592036,0.445995"
4000,step_004000,2,8,0.9601741823419178,0.9609255732957642,0.0066787944801909,0.0066041351290713,2,18,"0.541992,0.460139"
4000,step_004000,2,9,0.9530775395497556,0.9542635616682816,0.0078704286827043,0.0077302456763373,2,20,"0.604379,0.456660"
4000,step_004000,2,10,0.9439687086890228,0.9473550291645516,0.009397479598945,0.0088977722601586,2,22,"0.656521,0.450498"
4000,step_004000,2,11,0.9323482859226176,0.9350760363395144,0.0113480754776444,0.0109730106669495,2,24,"0.772008,0.487196"
4000,step_004000,2,12,0.9197030775511048,0.9232004717267306,0.0134704591095176,0.0129802618146177,2,26,"0.767646,0.443975"
4000,step_004000,2,13,0.9083584190157916,0.9115994183115342,0.0153714670683289,0.0149407559471059,2,28,"0.525084,0.459278"
4000,step_004000,2,14,0.8902558016503886,0.8904753921529073,0.0184057016657137,0.018510819327771,2,30,"0.828902,0.511111"
4000,step_004000,3,0,0.9938198071003383,0.9941039908554856,0.0010365371333921,0.0009964981738932,2,2,"0.411795,0.388639"
4000,step_004000,3,1,0.9912451533714922,0.9917184612674212,0.0014679895387783,0.0013996632895764,2,4,"0.304580,0.265643"
4000,step_004000,3,2,0.989551243386912,0.9905395872665896,0.00175199394188,0.0015988761223008,2,6,"0.311981,0.245313"
4000,step_004000,3,3,0.9875388814878976,0.9884424078668154,0.0020889772166332,0.0019532812917201,2,8,"0.335053,0.269700"
4000,step_004000,3,4,0.984713028573299,0.9852336530992608,0.0025632456816212,0.0024956422956827,2,10,"0.399318,0.301863"
4000,step_004000,3,5,0.9811231964634172,0.9817378877795788,0.0031655831397497,0.003086522554074,2,12,"0.412601,0.310848"
4000,step_004000,3,6,0.9768811816995182,0.9776782950510544,0.0038764073911514,0.0037726137006475,2,14,"0.379308,0.354371"
4000,step_004000,3,7,0.9716773328350348,0.9727919833955252,0.004749681111941,0.0045985502590634,2,16,"0.420664,0.316768"
4000,step_004000,3,8,0.9644099859608234,0.9661696679281676,0.0059713153787413,0.0057179771677922,2,18,"0.508106,0.328305"
4000,step_004000,3,9,0.9540504203902976,0.9547297624914144,0.0077131062600554,0.0076518238745618,2,20,"0.604119,0.338265"
4000,step_004000,3,10,0.9422665983926346,0.9421244352856708,0.0096918445011168,0.0097823570249157,2,22,"0.582363,0.439199"
4000,step_004000,3,11,0.926403508179011,0.9271873242401036,0.0123518914779549,0.0123067288122462,2,24,"0.607019,0.516107"
4000,step_004000,3,12,0.913715196949918,0.914762453856992,0.0144805222153682,0.0144066015448666,2,26,"0.462951,0.396073"
4000,step_004000,3,13,0.9035163581541998,0.9063956853535574,0.0161910635213592,0.0158208217984072,2,28,"0.579147,0.353103"
4000,step_004000,3,14,0.8869902628675876,0.8888304805919831,0.018953581786099,0.0187887077003885,2,30,"0.811436,0.371098"
6000,step_006000,0,0,0.9933284018462796,0.9933356726237598,0.0011187129155549,0.0011263076197177,2,2,"2.102518,1.596635"
6000,step_006000,0,1,0.9914920916647848,0.9919105929404732,0.0014266489347283,0.001367183690426,2,4,"1.552799,1.342351"
6000,step_006000,0,2,0.9900630376682766,0.9904215853836024,0.0016665124513558,0.0016188461469136,2,6,"1.281441,0.928062"
6000,step_006000,0,3,0.9890884935042682,0.9895263148354588,0.0018300240662166,0.001770168840312,2,8,"1.179025,1.055690"
6000,step_006000,0,4,0.9877309699015848,0.988351995967837,0.0020573313514544,0.0019686161682651,2,10,"1.029371,0.927400"
6000,step_006000,0,5,0.9865399370024818,0.9872749723719252,0.0022570622058653,0.0021506596680793,2,12,"1.335260,0.804179"
6000,step_006000,0,6,0.985311582524345,0.9862793803757344,0.0024631292494654,0.0023189173294102,2,14,"0.945130,0.646323"
6000,step_006000,0,7,0.9841221523700342,0.9848731774142364,0.0026626607348288,0.0025565976738788,2,16,"1.149928,0.714163"
6000,step_006000,0,8,0.9827432403841456,0.9837592528118172,0.0028939858315225,0.0027448595434778,2,18,"1.326252,0.789118"
6000,step_006000,0,9,0.9813301735110652,0.9824755274520036,0.0031311925745508,0.002961850297692,2,20,"1.317800,0.798605"
6000,step_006000,0,10,0.9790798488790264,0.9800616244523168,0.0035089800096547,0.0033698785218741,2,22,"1.350673,0.865193"
6000,step_006000,0,11,0.9762029150246528,0.9770611165136804,0.0039917323311734,0.0038770102237341,2,24,"1.136264,0.824594"
6000,step_006000,0,12,0.9735636702827932,0.974542623960014,0.00443479967561,0.0043026548326122,2,26,"1.255304,0.754610"
6000,step_006000,0,13,0.9700322760278884,0.96982934427451,0.0050272922396149,0.0050993534752363,2,28,"1.106996,1.062294"
6000,step_006000,0,14,0.9656854811401822,0.9652197117838188,0.0057553460426371,0.0058783480095969,2,30,"1.417973,1.017974"
6000,step_006000,1,0,0.9944625228703322,0.9948874330337968,0.0009292527913887,0.0008641116469516,2,2,"0.716753,0.507773"
6000,step_006000,1,1,0.9923833085241892,0.9927146617740096,0.0012773325226232,0.0012312765603166,2,4,"0.545491,0.444905"
6000,step_006000,1,2,0.9908900374092816,0.9913551975742534,0.0015275324849337,0.0014610502748268,2,6,"0.490542,0.377293"
6000,step_006000,1,3,0.9889569756663712,0.9894502367576564,0.0018519407107313,0.0017830380544689,2,8,"0.570624,0.374782"
6000,step_006000,1,4,0.987179690521419,0.987646195162556,0.0021501456084431,0.0020879548582837,2,10,"0.556883,0.347274"
6000,step_006000,1,5,0.9846015674290834,0.9848184747597492,0.0025830071533113,0.0025659511919894,2,12,"0.698652,0.392502"
6000,step_006000,1,6,0.9812944089064004,0.9809685726450196,0.0031382808215653,0.0032167122946472,2,14,"0.694580,0.395805"
6000,step_006000,1,7,0.9778171133166924,0.9774986679779802,0.0037217386300052,0.0038032067345422,2,16,"0.727708,0.475633"
6000,step_006000,1,8,0.972461684381322,0.971710341811185,0.0046200658595757,0.0047815445174937,2,18,"0.881510,0.539569"
6000,step_006000,1,9,0.9663675090537608,0.9659318939341772,0.0056419045615932,0.0057582275693686,2,20,"0.684182,0.507252"
6000,step_006000,1,10,0.9621205141787952,0.961219172617488,0.0063536559079914,0.0065547254679723,2,22,"0.735557,0.565390"
6000,step_006000,1,11,0.9544393701591968,0.9547268955137624,0.0076414225014217,0.0076519438924677,2,24,"0.659520,0.585662"
6000,step_006000,1,12,0.944515075325186,0.944564171360692,0.0093043754872358,0.009369387239508,2,26,"0.785642,0.658088"
6000,step_006000,1,13,0.9311583626409732,0.9335745895849528,0.0115402577471112,0.0112264323517687,2,28,"0.834711,0.661515"
6000,step_006000,1,14,0.9188224423667324,0.9214017456397644,0.0136081479050137,0.0132836811907878,2,30,"0.975831,0.713147"
6000,step_006000,2,0,0.994643349859326,0.9949136530556468,0.0008987794964017,0.0008596729269879,2,2,"0.462775,0.343485"
6000,step_006000,2,1,0.9926212588366132,0.9928757915951985,0.0012379440404763,0.0012041079114972,2,4,"0.414946,0.380470"
6000,step_006000,2,2,0.990514785716632,0.9907130851361606,0.0015909612563132,0.0015695886061633,2,6,"0.373397,0.360386"
6000,step_006000,2,3,0.9882886519495456,0.9884523234049816,0.001964656311278,0.0019517367073137,2,8,"0.456478,0.292917"
6000,step_006000,2,4,0.985786048073554,0.9854140021334088,0.0023840712298566,0.002465277295739,2,10,"0.457796,0.382609"
6000,step_006000,2,5,0.9816169749076704,0.9810945834181456,0.0030834809333667,0.0031953326234292,2,12,"0.526439,0.362265"
6000,step_006000,2,6,0.9775595401565594,0.9767604031793254,0.0037653122434799,0.0039280162814009,2,14,"0.438596,0.346673"
6000,step_006000,2,7,0.9730263584931426,0.9723221775007352,0.0045257632617255,0.0046781867788494,2,16,"0.547959,0.435850"
6000,step_006000,2,8,0.96706367379282,0.9667618451842062,0.0055246961390251,0.0056178402012807,2,18,"0.482178,0.441851"
6000,step_006000,2,9,0.9615216780689422,0.9609241413506396,0.0064541521953453,0.0066044694736319,2,20,"0.622724,0.566435"
6000,step_006000,2,10,0.9544143164030068,0.9545969668479668,0.0076459396676593,0.0076738323048519,2,22,"0.640726,0.454817"
6000,step_006000,2,11,0.9448668528427452,0.9462719958756188,0.0092489927387458,0.0090809413455843,2,24,"0.625236,0.419781"
6000,step_006000,2,12,0.9350841661304802,0.9368749221612764,0.0108891559646753,0.0106690687981525,2,26,"0.576407,0.492230"
6000,step_006000,2,13,0.9265682472377904,0.9274717180895444,0.0123178675442971,0.0122583650650363,2,28,"0.659229,0.427538"
6000,step_006000,2,14,0.9147727226395936,0.9172496473812948,0.0142985943168188,0.013986221428049,2,30,"0.568200,0.497183"
6000,step_006000,3,0,0.995446417387704,0.9956348949611704,0.0007637694157749,0.0007377662097573,2,2,"0.388262,0.345665"
6000,step_006000,3,1,0.993302004070978,0.9936931067021744,0.0011232594148253,0.0010659281682789,2,4,"0.302776,0.272549"
6000,step_006000,3,2,0.9917174750244756,0.9921714061949036,0.0013890403008269,0.0013231073630183,2,6,"0.318459,0.284630"
6000,step_006000,3,3,0.9897263042453724,0.9901136161488154,0.00172251815666,0.001670850261913,2,8,"0.322530,0.272119"
6000,step_006000,3,4,0.987283124581508,0.9874090631339816,0.0021326707321476,0.0021280032957242,2,10,"0.416305,0.288526"
6000,step_006000,3,5,0.9841467288703236,0.9836005895010927,0.0026592983758787,0.0027717733895875,2,12,"0.370123,0.306589"
6000,step_006000,3,6,0.9804576200485688,0.9806440383275852,0.0032769339314239,0.0032714190501075,2,14,"0.377704,0.362475"
6000,step_006000,3,7,0.9769069536708862,0.977807928926651,0.0038727123059039,0.0037507835557968,2,16,"0.451397,0.285470"
6000,step_006000,3,8,0.9722820578782908,0.9731090362551056,0.0046489066339732,0.0045449416914776,2,18,"0.431398,0.320426"
6000,step_006000,3,9,0.967323148274471,0.9682645243789754,0.0054815085835743,0.0053637938870491,2,20,"0.530455,0.388765"
6000,step_006000,3,10,0.9573941313391736,0.957052887268438,0.0071473403561322,0.0072587977002294,2,22,"0.590595,0.443529"
6000,step_006000,3,11,0.9466802421788691,0.946702707781526,0.0089438183024493,0.009007983109938,2,24,"0.612938,0.392149"
6000,step_006000,3,12,0.9365812896940284,0.9366489981257962,0.0106398717476653,0.0107073118854395,2,26,"0.503585,0.400257"
6000,step_006000,3,13,0.9246499126313732,0.9246259888639242,0.0126396409535813,0.0127392550965659,2,28,"0.614420,0.363641"
6000,step_006000,3,14,0.9075529703382298,0.9096826939512924,0.0154981764456498,0.0152641763479543,2,30,"0.650033,0.391145"
8000,step_008000,0,0,0.9943222308349992,0.9942418372204316,0.0009521384124521,0.0009731603348351,2,2,"2.002357,1.583357"
8000,step_008000,0,1,0.992827827410682,0.9930924617852755,0.0012027818038026,0.0011674448120589,2,4,"1.475005,1.232042"
8000,step_008000,0,2,0.9915708712583472,0.9919417946895036,0.0014137535677032,0.00136192498637,2,6,"1.192090,0.905279"
8000,step_008000,0,3,0.9905794493736152,0.990963905890208,0.0015799420732196,0.0015271973041677,2,8,"1.102686,0.984696"
8000,step_008000,0,4,0.989383176140428,0.9897411429021752,0.0017803914775265,0.0017338400707716,2,10,"1.166740,1.005903"
8000,step_008000,0,5,0.9883482129835736,0.988915358787986,0.0019540530297873,0.0018734346540345,2,12,"1.073223,0.826241"
8000,step_008000,0,6,0.9874324376245924,0.9880690966609617,0.0021077120312885,0.0020164741098414,2,14,"0.901031,0.778386"
8000,step_008000,0,7,0.9865779223457296,0.9872420914846484,0.0022511135214836,0.0021562521083554,2,16,"1.107108,0.714793"
8000,step_008000,0,8,0.9850918530508906,0.9857878904889724,0.002500673050119,0.0024020556119996,2,18,"1.376782,0.755091"
8000,step_008000,0,9,0.983668332249356,0.9840437302300136,0.0027393204628562,0.0026968475005248,2,20,"1.236811,0.766632"
8000,step_008000,0,10,0.9814497203318212,0.9821412457102312,0.0031117436802996,0.0030183992463978,2,22,"1.177125,0.722362"
8000,step_008000,0,11,0.9794744127295116,0.9804786110963236,0.0034432002564186,0.0032994336808671,2,24,"1.130056,0.726568"
8000,step_008000,0,12,0.976786148936274,0.9774442992186736,0.0038942009207166,0.003812260501271,2,26,"1.279625,0.829585"
8000,step_008000,0,13,0.9736992974579683,0.9743593476696164,0.004412799316335,0.004333722390115,2,28,"1.262529,0.970560"
8000,step_008000,0,14,0.9691188482804916,0.9692063470392708,0.0051803536992865,0.0052046323084033,2,30,"1.183639,0.875090"
8000,step_008000,1,0,0.9951125311388824,0.9953411751591588,0.0008200699818536,0.0007874100480151,2,2,"0.632321,0.490420"
8000,step_008000,1,1,0.9935413430004042,0.9938509800886846,0.001083233644181,0.0010392309247204,2,4,"0.518033,0.410190"
8000,step_008000,1,2,0.992273450212978,0.9925503498708608,0.0012955620975452,0.0012590490231167,2,6,"0.492293,0.383611"
8000,step_008000,1,3,0.9905210318870052,0.9907314486067064,0.0015897696384135,0.0015665138160296,2,8,"0.632740,0.389448"
8000,step_008000,1,4,0.988632573800941,0.9888709677649248,0.0019069630050622,0.0018809901428888,2,10,"0.509024,0.353705"
8000,step_008000,1,5,0.9866333557641608,0.9862256577314228,0.0022428228549669,0.0023281420381268,2,12,"0.673851,0.352111"
8000,step_008000,1,6,0.9837157045056436,0.9831038287355062,0.0027329867428069,0.0028558565139961,2,14,"0.620606,0.362411"
8000,step_008000,1,7,0.980375556897058,0.9795612954649994,0.0032939752100909,0.0034546996593741,2,16,"0.694563,0.390348"
8000,step_008000,1,8,0.9765694457148376,0.975487405667525,0.0039327474483791,0.0041433044335114,2,18,"0.742772,0.403758"
8000,step_008000,1,9,0.9707711706774002,0.9700971302364064,0.0049055941105908,0.0050543694831704,2,20,"0.710035,0.468895"
8000,step_008000,1,10,0.9655244339876194,0.9652842557983152,0.0057856809493743,0.0058677633616645,2,22,"0.575270,0.522603"
8000,step_008000,1,11,0.959758386278946,0.9596103627190922,0.0067533451930805,0.0068267599813427,2,24,"0.699282,0.587235"
8000,step_008000,1,12,0.951000326475841,0.952294140427604,0.0082224612565371,0.0080633165839338,2,26,"0.797228,0.563050"
8000,step_008000,1,13,0.9400521276042978,0.9426459860233014,0.0100591200830756,0.0096938624371727,2,28,"0.835233,0.649658"
8000,step_008000,1,14,0.926057517045394,0.9283851996907512,0.0124071446723146,0.0121042631568553,2,30,"0.848725,0.737441"
8000,step_008000,2,0,0.9957753089021676,0.9959027527731809,0.0007086735382453,0.0006924880124515,2,2,"0.470071,0.331441"
8000,step_008000,2,1,0.9938124306973068,0.993887354817442,0.0010378311090572,0.0010331116041121,2,4,"0.426643,0.319264"
8000,step_008000,2,2,0.992180649934416,0.9922321093584386,0.0013111799735522,0.0013128199236291,2,6,"0.351917,0.334854"
8000,step_008000,2,3,0.9904556726776612,0.9905770734660349,0.0016007741815382,0.0015925882881679,2,8,"0.426891,0.307662"
8000,step_008000,2,4,0.988291406920002,0.98768655331342,0.0019638011372292,0.0020811670346336,2,10,"0.443309,0.362859"
8000,step_008000,2,5,0.9849308970702014,0.9840328962884644,0.0025276532866492,0.0026987041364362,2,12,"0.440718,0.364407"
8000,step_008000,2,6,0.9811205377627394,0.98037866363762,0.0031673674350539,0.0033163938890184,2,14,"0.456314,0.295104"
8000,step_008000,2,7,0.9778524158983032,0.9772865192285944,0.003715807229032,0.0038390413078109,2,16,"0.482932,0.425639"
8000,step_008000,2,8,0.9728261593662526,0.9722776364310036,0.0045592151002869,0.0046856583064377,2,18,"0.522046,0.418501"
8000,step_008000,2,9,0.9680404626640412,0.967972216365062,0.0053621470980717,0.0054133070117497,2,20,"0.479069,0.449072"
8000,step_008000,2,10,0.9621275710860594,0.9615655742945052,0.0063531025014314,0.0064960443988265,2,22,"0.632983,0.470976"
8000,step_008000,2,11,0.954949309894876,0.9548720192924776,0.0075569311139364,0.0076272981124854,2,24,"0.608098,0.407643"
8000,step_008000,2,12,0.9468507994694488,0.9484266590424556,0.0089156021565293,0.0087166618150993,2,26,"0.539856,0.397147"
8000,step_008000,2,13,0.9384585740922328,0.9416654360379058,0.0103249252379604,0.0098594911664496,2,28,"0.597035,0.457265"
8000,step_008000,2,14,0.9266496700109982,0.930095065368066,0.0123072072824324,0.0118150506775886,2,30,"0.557521,0.474015"
8000,step_008000,3,0,0.996240660095304,0.996283417850762,0.0006302720303178,0.0006281216613498,2,2,"0.380874,0.338223"
8000,step_008000,3,1,0.9943377526903966,0.9945563741672632,0.0009492727438121,0.0009200074956809,2,4,"0.305375,0.233551"
8000,step_008000,3,2,0.9928328177602648,0.9930338805127628,0.0012016643310427,0.0011773107323065,2,6,"0.319713,0.278130"
8000,step_008000,3,3,0.9912513860783868,0.991340813781224,0.0014667051160768,0.0014634309178176,2,8,"0.273566,0.270335"
8000,step_008000,3,4,0.9891329589449378,0.9891835885618132,0.0018218432088631,0.001828019998657,2,10,"0.341908,0.279471"
8000,step_008000,3,5,0.9863222674903002,0.9860031377262036,0.0022935172129574,0.0023656024949659,2,12,"0.376310,0.291095"
8000,step_008000,3,6,0.9837962871667916,0.9837534591258288,0.0027164952243328,0.002745800769289,2,14,"0.341335,0.266412"
8000,step_008000,3,7,0.98054114588146,0.9806907862494096,0.0032626129947243,0.003263440078122,2,16,"0.426094,0.297226"
8000,step_008000,3,8,0.9767772004959376,0.9772575017225442,0.0038944367146587,0.0038437445219756,2,18,"0.409147,0.278195"
8000,step_008000,3,9,0.971132053850104,0.9719564281692744,0.0048423097021653,0.0047397027954823,2,20,"0.506423,0.389409"
8000,step_008000,3,10,0.9626783498061066,0.9626025330549356,0.0062585880822197,0.0063204639740298,2,22,"0.502154,0.421748"
8000,step_008000,3,11,0.9538673250037696,0.9530955288372857,0.0077378025067236,0.0079273464955401,2,24,"0.604651,0.330764"
8000,step_008000,3,12,0.94456105504363,0.9444120765552552,0.0092985022672431,0.0093949601258036,2,26,"0.567272,0.384032"
8000,step_008000,3,13,0.9300606745716196,0.930591599908798,0.0117288465882767,0.0117306348148398,2,28,"0.605780,0.429345"
8000,step_008000,3,14,0.9150609167406584,0.9170154814841316,0.0142377458247743,0.0140246123128898,2,30,"0.766211,0.398333"
10000,step_010000,0,0,0.9946345071740788,0.9943907595806052,0.000899532900094,0.0009479838342556,2,2,"2.175250,1.608535"
10000,step_010000,0,1,0.9929935888990812,0.9933370274766355,0.0011749353240681,0.0011261049512108,2,4,"1.481048,1.132444"
10000,step_010000,0,2,0.991953027558302,0.9924042748308196,0.0013496115079091,0.0012837569031868,2,6,"1.310893,0.966509"
10000,step_010000,0,3,0.9911331940018784,0.9915564819917244,0.0014870490157203,0.0014270453418297,2,8,"1.023022,0.983558"
10000,step_010000,0,4,0.9901774064315668,0.9906721840741248,0.0016472410601532,0.001576496437003,2,10,"1.112186,1.030676"
10000,step_010000,0,5,0.9889724062848568,0.9892022694331292,0.001849605819996,0.0018249570410661,2,12,"1.109970,0.885423"
10000,step_010000,0,6,0.988283406176366,0.9888429418061816,0.0019650080501776,0.0018856832797676,2,14,"1.041520,0.781124"
10000,step_010000,0,7,0.9874437063861412,0.9881208891957002,0.0021058105833726,0.0020077179430242,2,16,"0.880521,0.838659"
10000,step_010000,0,8,0.9859949761590456,0.9864716119637196,0.0023491384583905,0.0022864970059224,2,18,"1.067518,0.603063"
10000,step_010000,0,9,0.984377037262284,0.9851190471044776,0.0026209738418171,0.0025151344064795,2,20,"1.244695,0.842749"
10000,step_010000,0,10,0.9829347965632912,0.9834868213620158,0.0028629080239537,0.0027910040332919,2,22,"1.112385,0.808706"
10000,step_010000,0,11,0.98115161380118,0.9816911363003304,0.0031621484844233,0.0030945213136362,2,24,"1.081509,0.695434"
10000,step_010000,0,12,0.9783191450261736,0.9791520023063952,0.0036376639126134,0.0035236836294866,2,26,"1.236973,0.810712"
10000,step_010000,0,13,0.975680737382007,0.9757201382968042,0.0040809710087801,0.0041038433982974,2,28,"1.243212,0.838507"
10000,step_010000,0,14,0.9717713061425556,0.9714492372187624,0.0047370561103874,0.0048256603117723,2,30,"1.227268,1.009396"
10000,step_010000,1,0,0.9955227029590642,0.9958550210196948,0.0007512993694732,0.0007005656511756,2,2,"0.688379,0.468898"
10000,step_010000,1,1,0.993872682747232,0.9942471166634208,0.0010275184391137,0.0009722719972948,2,4,"0.511549,0.406423"
10000,step_010000,1,2,0.992661133562744,0.9930303207304734,0.0012304352374187,0.0011779110618176,2,6,"0.490969,0.370091"
10000,step_010000,1,3,0.9911332843237378,0.9912454914153253,0.0014866845608486,0.0014795940196762,2,8,"0.566864,0.418262"
10000,step_010000,1,4,0.9894097421122908,0.9895380311703376,0.0017759161002158,0.001768183411059,2,10,"0.496204,0.327245"
10000,step_010000,1,5,0.987368312546873,0.9871424593606848,0.0021187690277031,0.0021731052162449,2,12,"0.604980,0.382397"
10000,step_010000,1,6,0.9850532710639174,0.984520099304494,0.0025074112407078,0.0026163804891791,2,14,"0.597846,0.354096"
10000,step_010000,1,7,0.9810533102303056,0.9802088802150224,0.0031791339811162,0.0033451525088883,2,16,"0.654053,0.382497"
10000,step_010000,1,8,0.9762819777968978,0.9749320537864848,0.0039794117899294,0.0042370986728567,2,18,"0.683112,0.374527"
10000,step_010000,1,9,0.9723770520015296,0.971314924876347,0.0046341697758314,0.0048484083709771,2,20,"0.698568,0.575433"
10000,step_010000,1,10,0.9670322613670854,0.966509666988106,0.0055308307775012,0.0056605546941607,2,22,"0.723238,0.524840"
10000,step_010000,1,11,0.9606182125547824,0.9603081947131528,0.0066067845334888,0.006708756051993,2,24,"0.617629,0.543341"
10000,step_010000,1,12,0.9542147396473252,0.9550532839422092,0.00767931797109,0.0075967631287902,2,26,"0.683570,0.593388"
10000,step_010000,1,13,0.9440789621436037,0.9451231263129308,0.0093779125437822,0.0092749245627425,2,28,"1.048674,0.600388"
10000,step_010000,1,14,0.927313208401128,0.9294714831359072,0.0121911717919318,0.0119202473925551,2,30,"0.923655,0.586134"
10000,step_010000,2,0,0.9961580436160667,0.9962985114962772,0.0006445732410758,0.0006256112170222,2,2,"0.484504,0.329207"
10000,step_010000,2,1,0.9943363485284352,0.9945224862820112,0.000950215747075,0.0009257915970382,2,4,"0.422934,0.348597"
10000,step_010000,2,2,0.99277306927299,0.992817834959986,0.0012121326589129,0.0012138476332026,2,6,"0.375863,0.337286"
10000,step_010000,2,3,0.9909267044467382,0.9907967139793036,0.0015219252457639,0.0015554790763716,2,8,"0.458237,0.263187"
10000,step_010000,2,4,0.9889125180081918,0.9885147052845182,0.001859673784636,0.0019411885968804,2,10,"0.390865,0.322291"
10000,step_010000,2,5,0.9856181366815032,0.984451843162797,0.0024125424112473,0.0026279131681828,2,12,"0.601890,0.376576"
10000,step_010000,2,6,0.9821760503279844,0.9810959835404596,0.0029901222002648,0.0031951164811081,2,14,"0.433175,0.288714"
10000,step_010000,2,7,0.978840177198478,0.9780124571055694,0.0035500024554225,0.003716340442672,2,16,"0.457265,0.395428"
10000,step_010000,2,8,0.975207255743816,0.974416695144651,0.004159054571298,0.004324059087526,2,18,"0.499807,0.374785"
10000,step_010000,2,9,0.96974338098019,0.9690893536910412,0.0050755928520693,0.0052244581240234,2,20,"0.553559,0.390097"
10000,step_010000,2,10,0.962767850200545,0.9630461495695768,0.0062454747238022,0.0062457947008773,2,22,"0.666003,0.380876"
10000,step_010000,2,11,0.9544150419482228,0.9556437396068754,0.0076478163326167,0.0074969295237494,2,24,"0.542841,0.413134"
10000,step_010000,2,12,0.9482461601187274,0.949723851264774,0.0086822320964609,0.0084974063451291,2,26,"0.563572,0.431949"
10000,step_010000,2,13,0.9401557959990674,0.941315117335843,0.0100399644279441,0.0099186590061873,2,28,"0.641624,0.446309"
10000,step_010000,2,14,0.9275340889994238,0.9304743262345508,0.0121592029499021,0.0117510273032011,2,30,"0.643764,0.435404"
10000,step_010000,3,0,0.996756100439282,0.9968487472212262,0.0005438972867284,0.0005325867615742,2,2,"0.348318,0.328704"
10000,step_010000,3,1,0.994994162265082,0.9953100873497072,0.0008394352281363,0.0007926364282894,2,4,"0.325778,0.272999"
10000,step_010000,3,2,0.9936982533312676,0.9939270427701392,0.0010568359375526,0.0010263888050153,2,6,"0.305342,0.245530"
10000,step_010000,3,3,0.991896596841858,0.9919524824396352,0.0013583864075995,0.0013600448964185,2,8,"0.290581,0.235721"
10000,step_010000,3,4,0.9899357687552413,0.9900930666833382,0.0016872737155449,0.0016742921995502,2,10,"0.365521,0.279051"
10000,step_010000,3,5,0.9873651095551677,0.9870456484633844,0.0021186721745231,0.0021894029391608,2,12,"0.355185,0.309114"
10000,step_010000,3,6,0.9843755919728,0.983985167759899,0.002619945580046,0.0027066927061613,2,14,"0.336241,0.289865"
10000,step_010000,3,7,0.9812363843194882,0.981010542012294,0.0031467514778019,0.0032094956574713,2,16,"0.399865,0.271090"
10000,step_010000,3,8,0.9771478606042332,0.9771201882842302,0.0038338586087427,0.0038671098116192,2,18,"0.423065,0.288787"
10000,step_010000,3,9,0.9723179525510788,0.9727469917016532,0.004644704941393,0.0046062793466976,2,20,"0.443130,0.314672"
10000,step_010000,3,10,0.963698304092732,0.9642095297214897,0.0060931324627799,0.006049409836335,2,22,"0.527757,0.396516"
10000,step_010000,3,11,0.9563890539779568,0.9564783511161468,0.0073188365904314,0.0073560319596199,2,24,"0.627169,0.388856"
10000,step_010000,3,12,0.9473570924470056,0.9478512034604446,0.0088370433673062,0.0088143475312794,2,26,"0.458673,0.312742"
10000,step_010000,3,13,0.9373932272966662,0.938874873140023,0.0105078725218328,0.0103314893947157,2,28,"0.560475,0.397520"
10000,step_010000,3,14,0.9264796160447644,0.9276793546319344,0.0123330790481403,0.0122231245405592,2,30,"0.609484,0.351782"
12000,step_012000,0,0,0.9951572872630726,0.994937389965586,0.0008120122915825,0.0008556126639344,2,2,"2.022545,1.521120"
12000,step_012000,0,1,0.9936623170431244,0.9939289252614216,0.0010628786551849,0.0010260792609998,2,4,"1.593454,1.119734"
12000,step_012000,0,2,0.9926080493420538,0.9929774852060378,0.0012399270930404,0.0011868893847417,2,6,"1.164018,0.954916"
12000,step_012000,0,3,0.9918468482333396,0.9922021639557944,0.0013674833099849,0.0013179323740831,2,8,"1.099833,1.032862"
12000,step_012000,0,4,0.9910471523920208,0.991512688349947,0.0015015960771657,0.0014344618563865,2,10,"1.058741,0.837029"
12000,step_012000,0,5,0.9900093382244444,0.9901450274881854,0.0016757880618705,0.0016656287733597,2,12,"1.160058,0.753607"
12000,step_012000,0,6,0.989070727865923,0.9893863324548984,0.001833196507706,0.0017938581769397,2,14,"1.039843,0.817989"
12000,step_012000,0,7,0.988262727937104,0.988761987704342,0.00196872398303,0.0018993847762208,2,16,"0.972837,0.846279"
12000,step_012000,0,8,0.9873246147053356,0.9879410207983298,0.0021262131278997,0.0020381537504796,2,18,"1.269150,0.673835"
12000,step_012000,0,9,0.9861026241851912,0.9864269883709972,0.0023313567126999,0.002294053567889,2,20,"1.283197,0.724259"
12000,step_012000,0,10,0.9842490899614602,0.98473447009307,0.002642560814725,0.002580131033844,2,22,"1.274993,0.769649"
12000,step_012000,0,11,0.9827756409851758,0.9833681661166775,0.0028898623593744,0.0028110746442398,2,24,"1.169698,0.823297"
12000,step_012000,0,12,0.9803926665784952,0.9808929800675964,0.0032902702796526,0.0032294910008833,2,26,"1.283716,0.686747"
12000,step_012000,0,13,0.9776021813443014,0.978300019486636,0.0037585849564174,0.003667744058049,2,28,"1.279223,0.945733"
12000,step_012000,0,14,0.9739485157654196,0.973735202355658,0.0043714016583582,0.0044392683045564,2,30,"1.341544,0.952920"
12000,step_012000,1,0,0.9957391044683488,0.9959317242880344,0.0007150165653719,0.0006876009788145,2,2,"0.589365,0.483796"
12000,step_012000,1,1,0.9943488587407266,0.9946450802751948,0.0009478021375402,0.0009050343753996,2,4,"0.513889,0.411495"
12000,step_012000,1,2,0.9930276705256544,0.9932215296746468,0.0011691145768821,0.0011456073607661,2,6,"0.495097,0.343014"
12000,step_012000,1,3,0.9914737471845628,0.9915955121776696,0.0014299969748914,0.0014204629907165,2,8,"0.554399,0.366140"
12000,step_012000,1,4,0.9897785927583854,0.9898387757487364,0.0017145626100755,0.0017173903881321,2,10,"0.591511,0.353652"
12000,step_012000,1,5,0.9879425652829674,0.9875432656733412,0.002022845384796,0.0021054217748356,2,12,"0.605491,0.338133"
12000,step_012000,1,6,0.9856166036683068,0.9848817187511574,0.0024136397086737,0.0025553192454445,2,14,"0.567120,0.365074"
12000,step_012000,1,7,0.9820868752450136,0.9806128034117289,0.0030063043055047,0.0032769444941451,2,16,"0.641427,0.387989"
12000,step_012000,1,8,0.9784197151576652,0.9773973675195292,0.003622095216642,0.0038204626772433,2,18,"0.756981,0.414520"
12000,step_012000,1,9,0.9740862816902516,0.9733407789735616,0.0043486412782028,0.0045061152774541,2,20,"0.662902,0.495201"
12000,step_012000,1,10,0.970319604191192,0.9699814659480508,0.0049799854184917,0.005073776796733,2,22,"0.708971,0.494525"
12000,step_012000,1,11,0.9646947483084288,0.965087885966946,0.0059211614499013,0.0059006970355582,2,24,"0.683275,0.489219"
12000,step_012000,1,12,0.9565922201172452,0.9573108774152104,0.0072795519217238,0.0072150253008169,2,26,"0.698496,0.658781"
12000,step_012000,1,13,0.9450174180862692,0.9468721724491144,0.0092203050477871,0.008979207044607,2,28,"0.838646,0.632240"
12000,step_012000,1,14,0.9326127483472292,0.934004377200172,0.0113007066509814,0.0111539499678709,2,30,"0.959830,0.605571"
12000,step_012000,2,0,0.9965478626060396,0.9964859479323516,0.0005789705464457,0.0005939180790809,2,2,"0.483320,0.319488"
12000,step_012000,2,1,0.9945846802499296,0.9947004056165984,0.0009086989188005,0.0008957191758544,2,4,"0.407019,0.332508"
12000,step_012000,2,2,0.9931099161695208,0.9931936783384868,0.0011556099125283,0.0011503406092287,2,6,"0.388843,0.336904"
12000,step_012000,2,3,0.9909116169683836,0.9906730781828056,0.0015244427223375,0.0015763927054443,2,8,"0.431416,0.287450"
12000,step_012000,2,4,0.988905848644233,0.9885083160030774,0.0018609300846728,0.001942311686328,2,10,"0.421684,0.327144"
12000,step_012000,2,5,0.9859598389022648,0.985253010278462,0.002355600627927,0.0024925431539345,2,12,"0.506713,0.338635"
12000,step_012000,2,6,0.9832005332893018,0.9824343236547574,0.0028190807974288,0.0029689957882754,2,14,"0.539285,0.297479"
12000,step_012000,2,7,0.9805248984020932,0.9796363654287626,0.003268417254769,0.0034419448288076,2,16,"0.498145,0.323923"
12000,step_012000,2,8,0.9761691713192514,0.9748466158031052,0.0039981006529219,0.0042514317795155,2,18,"0.455230,0.358348"
12000,step_012000,2,9,0.9710860737496622,0.9698073287990016,0.0048496397284804,0.0051030597717941,2,20,"0.550381,0.432960"
12000,step_012000,2,10,0.9656085660529604,0.96457541391425,0.0057684493896706,0.0059873177295506,2,22,"0.569861,0.411062"
12000,step_012000,2,11,0.9589548528697928,0.9591108845597192,0.0068853344071243,0.0069108989298565,2,24,"0.535723,0.455113"
12000,step_012000,2,12,0.9518474399579148,0.952801190266208,0.0080774036065584,0.0079773425461252,2,26,"0.609060,0.437111"
12000,step_012000,2,13,0.945410879962937,0.9473112852853108,0.0091578444324032,0.008905209903781,2,28,"0.593286,0.352094"
12000,step_012000,2,14,0.9352594328412058,0.9377393193995688,0.0108605002280742,0.010522919916041,2,30,"0.529621,0.413295"
12000,step_012000,3,0,0.9969653848447836,0.9970387652705304,0.0005086103502799,0.0005004580302391,2,2,"0.344217,0.293208"
12000,step_012000,3,1,0.9952980037315048,0.9954124590945282,0.0007881965081777,0.0007753185381354,2,4,"0.352497,0.247329"
12000,step_012000,3,2,0.9935577014247275,0.9936689970855797,0.0010800985486106,0.0010699737923268,2,6,"0.303999,0.281822"
12000,step_012000,3,3,0.9918893333229536,0.9919138501157798,0.0013594137439715,0.0013665639814197,2,8,"0.329622,0.271000"
12000,step_012000,3,4,0.9901320968189294,0.9901166622987794,0.0016539320313996,0.0016702978701598,2,10,"0.375186,0.257289"
12000,step_012000,3,5,0.9882212225449446,0.9881674574446876,0.0019744104354907,0.0019997532355371,2,12,"0.348796,0.293688"
12000,step_012000,3,6,0.985924761336728,0.985691917975156,0.0023599110035322,0.00241820124635,2,14,"0.341079,0.256500"
12000,step_012000,3,7,0.9825737866646136,0.9826434821710012,0.0029227149340181,0.002933513757672,2,16,"0.463942,0.249651"
12000,step_012000,3,8,0.9796604194238934,0.9799287132799694,0.0034115740703833,0.0033923688038998,2,18,"0.406775,0.307454"
12000,step_012000,3,9,0.9748975200604836,0.9742133268936118,0.0042104106988617,0.0043583299092573,2,20,"0.484025,0.361019"
12000,step_012000,3,10,0.9690535625524056,0.9683408716307847,0.0051906561780487,0.0053508776590812,2,22,"0.486740,0.412458"
12000,step_012000,3,11,0.9627013722543832,0.9618656346554172,0.0062555479391513,0.0064452245945657,2,24,"0.441635,0.359324"
12000,step_012000,3,12,0.9530083062283602,0.9528769465352426,0.0078844625351389,0.0079646071487608,2,26,"0.575212,0.327665"
12000,step_012000,3,13,0.941576772321911,0.941576565700764,0.0098015431634624,0.0098743960414348,2,28,"0.478189,0.468581"
12000,step_012000,3,14,0.929959948622375,0.9297063386408544,0.011743454828352,0.0118799929438698,2,30,"0.703258,0.338740"
14000,step_014000,0,0,0.9957981858054112,0.9956008356440744,0.0007045402046761,0.000743486793367,2,2,"1.854363,1.326370"
14000,step_014000,0,1,0.9942917979697812,0.9945720656821644,0.0009574971547841,0.000917391288735,2,4,"1.533153,1.322803"
14000,step_014000,0,2,0.9933648731657604,0.9936517982347474,0.0011130624957457,0.0010729309709419,2,6,"0.978999,0.931735"
14000,step_014000,0,3,0.9926202440946128,0.9928131281756896,0.0012378371171581,0.0012146616218845,2,8,"1.027943,0.797685"
14000,step_014000,0,4,0.9918995212676188,0.992179994479752,0.001358759893552,0.0013216786910338,2,10,"1.069416,0.748559"
14000,step_014000,0,5,0.9911849232481876,0.9913399433713764,0.0014785496297833,0.0014636671715428,2,12,"1.195436,0.804057"
14000,step_014000,0,6,0.990310031154335,0.990493323966838,0.0016251412254227,0.0016067500221757,2,14,"0.925977,0.701286"
14000,step_014000,0,7,0.9895242575570328,0.989773068076922,0.0017570274629353,0.0017284881500622,2,16,"0.982463,0.663184"
14000,step_014000,0,8,0.988630735168712,0.9890353115007484,0.001906905215099,0.001853167103328,2,18,"1.088856,0.742475"
14000,step_014000,0,9,0.9874061514705076,0.987710124653646,0.002112381491631,0.002077170339255,2,20,"1.165043,0.743860"
14000,step_014000,0,10,0.9856614659695278,0.985883677551889,0.0024055619811423,0.0023859015949847,2,22,"1.398524,0.830265"
14000,step_014000,0,11,0.9839486233877645,0.984491795320628,0.0026929588754515,0.0026211504277787,2,24,"1.182230,0.769857"
14000,step_014000,0,12,0.9814727761197216,0.9820423163914552,0.0031087483637624,0.0030351810501642,2,26,"1.236022,0.791773"
14000,step_014000,0,13,0.978368974742129,0.9790281010291756,0.003629808078325,0.0035446650656586,2,28,"1.221958,0.995879"
14000,step_014000,0,14,0.974640449224496,0.9742666636199968,0.0042555343919065,0.0043494569977402,2,30,"1.304963,0.967589"
14000,step_014000,1,0,0.996365543456228,0.9965394099839092,0.000609781500227,0.0005848856817211,2,2,"0.563088,0.456872"
14000,step_014000,1,1,0.9948925750892283,0.995056884888645,0.0008565398517235,0.000835422980478,2,4,"0.461894,0.394797"
14000,step_014000,1,2,0.9936966648426784,0.9939131590913016,0.0010566959851884,0.0010286931266647,2,6,"0.456450,0.317875"
14000,step_014000,1,3,0.9924976855966944,0.992506056720779,0.0012578486716928,0.0012665383912312,2,8,"0.532455,0.368323"
14000,step_014000,1,4,0.990987473172514,0.9907999421405072,0.001511345797068,0.0015549072103105,2,10,"0.574117,0.375021"
14000,step_014000,1,5,0.9890066297660164,0.9885697333502762,0.001844016256867,0.0019318717780241,2,12,"0.523014,0.336973"
14000,step_014000,1,6,0.986754502364136,0.9859871991221067,0.0022220269519066,0.0023684223336765,2,14,"0.536579,0.331067"
14000,step_014000,1,7,0.9837316395801412,0.9825128688478388,0.0027289362347629,0.0029556665946492,2,16,"0.640459,0.413406"
14000,step_014000,1,8,0.9800248270904212,0.9790306066523627,0.0033506848873845,0.0035442261618891,2,18,"0.705897,0.467285"
14000,step_014000,1,9,0.976039581468596,0.9758794462100244,0.0040198356380329,0.0040768773968556,2,20,"0.598238,0.493070"
14000,step_014000,1,10,0.9711222944872808,0.9704341740421945,0.0048441405345864,0.0049971441376595,2,22,"0.734646,0.425375"
14000,step_014000,1,11,0.9649431492065532,0.9650681308388704,0.0058788736738002,0.005903980927988,2,24,"0.656892,0.553954"
14000,step_014000,1,12,0.9569189060225054,0.9573861045709996,0.0072235438999024,0.0072021924407865,2,26,"0.721536,0.637954"
14000,step_014000,1,13,0.9455824177320596,0.9455613453489184,0.0091240934730768,0.0092006513513789,2,28,"0.787013,0.640790"
14000,step_014000,1,14,0.9363504256617088,0.9384442838677698,0.0106728194169608,0.0104035082595396,2,30,"0.776710,0.559517"
14000,step_014000,2,0,0.9971262865565296,0.9971028181407888,0.0004819457458308,0.000489660508738,2,2,"0.452750,0.293965"
14000,step_014000,2,1,0.9954661875679188,0.995450608310806,0.000760591382105,0.0007689134427148,2,4,"0.424029,0.302094"
14000,step_014000,2,2,0.9940273299833998,0.9940527948496068,0.0010016741183435,0.0010051375667352,2,6,"0.345153,0.310959"
14000,step_014000,2,3,0.9919362843070793,0.9917257003013084,0.0013526099973072,0.0013984793618934,2,8,"0.423063,0.300926"
14000,step_014000,2,4,0.9902318486981924,0.9900164797081622,0.0016381154240954,0.0016873450109107,2,10,"0.391805,0.293599"
14000,step_014000,2,5,0.9881000293535626,0.9874818408822698,0.0019955532478309,0.002115741180754,2,12,"0.463237,0.348100"
14000,step_014000,2,6,0.9853846850907498,0.984565815541148,0.0024510638590976,0.0026085953644208,2,14,"0.477070,0.288600"
14000,step_014000,2,7,0.9823986041525914,0.9814835006889192,0.0029517333811226,0.0031295393552881,2,16,"0.417388,0.370152"
14000,step_014000,2,8,0.9788925709624904,0.9782626232039648,0.0035391102625614,0.0036738119065895,2,18,"0.461477,0.412518"
14000,step_014000,2,9,0.9739436266420416,0.9725820077152538,0.0043682117995787,0.0046338886191421,2,20,"0.548786,0.361329"
14000,step_014000,2,10,0.967307448788231,0.9659952009989796,0.0054817511560344,0.0057471860445091,2,22,"0.519732,0.396071"
14000,step_014000,2,11,0.9610353370413603,0.9604360737713776,0.0065347079553017,0.006686822164677,2,24,"0.648067,0.447806"
14000,step_014000,2,12,0.9536139832092512,0.9539955177555064,0.0077798655343194,0.0077753842939831,2,26,"0.535898,0.403903"
14000,step_014000,2,13,0.9445959856517748,0.9465201816516848,0.0092934764891077,0.0090388705955305,2,28,"0.652178,0.396861"
14000,step_014000,2,14,0.9352723918174504,0.9380366102789912,0.0108588839899377,0.0104726923349434,2,30,"0.550552,0.382282"
14000,step_014000,3,0,0.9973233895183784,0.997393591603708,0.0004486554696379,0.0004404915408148,2,2,"0.291697,0.267510"
14000,step_014000,3,1,0.9958251000626904,0.9958638741030976,0.0006999419273837,0.0006990364968271,2,4,"0.332519,0.233712"
14000,step_014000,3,2,0.99428000811822,0.9942799117198085,0.0009590394715433,0.0009667339000228,2,6,"0.279228,0.245872"
14000,step_014000,3,3,0.9927927112743244,0.9927900132200516,0.0012082893105565,0.0012185140331138,2,8,"0.289961,0.256581"
14000,step_014000,3,4,0.9911717846958968,0.9913627001260472,0.0014796131077016,0.0014596960613654,2,10,"0.325587,0.263097"
14000,step_014000,3,5,0.9888985321543892,0.9886663381307385,0.0018609210009311,0.0019154384661444,2,12,"0.354980,0.266321"
14000,step_014000,3,6,0.986194640578972,0.9858042355614208,0.0023141120994611,0.0023991694315474,2,14,"0.371552,0.256746"
14000,step_014000,3,7,0.9836001435354778,0.9833690567133502,0.002749529224428,0.0028107959075008,2,16,"0.414631,0.254219"
14000,step_014000,3,8,0.9793539382635876,0.9790622093111964,0.003462257381529,0.003538729247462,2,18,"0.457127,0.305926"
14000,step_014000,3,9,0.9743826148888242,0.9742681830661568,0.0042961327041723,0.0043490131996365,2,20,"0.434726,0.386709"
14000,step_014000,3,10,0.9678523223763408,0.9674129550592582,0.0053906348009979,0.0055075222304338,2,22,"0.504857,0.366605"
14000,step_014000,3,11,0.9624594555885853,0.961539485615604,0.0062954985822211,0.0065001931566327,2,24,"0.484501,0.335364"
14000,step_014000,3,12,0.9553903650992532,0.9548075772377498,0.0074816131944827,0.0076379811052213,2,26,"0.640548,0.361304"
14000,step_014000,3,13,0.9445846452624668,0.9436524713915928,0.0092944806709742,0.0095232562793165,2,28,"0.581768,0.488032"
14000,step_014000,3,14,0.9319831403983424,0.9324543674716697,0.0114021882508758,0.0114154165895351,2,30,"0.624097,0.419878"
16000,step_016000,0,0,0.995658711614094,0.9954160760379333,0.0007280570378463,0.000774725874977,2,2,"1.970154,1.588329"
16000,step_016000,0,1,0.9940988255527832,0.9941939066648922,0.0009899348569086,0.0009813056663282,2,4,"1.432297,1.108996"
16000,step_016000,0,2,0.9932205081594804,0.9935160994876412,0.0011373341875978,0.0010958629358508,2,6,"1.189605,1.034744"
16000,step_016000,0,3,0.9924537930166658,0.9926819197845834,0.0012657812241524,0.0012368440318407,2,8,"0.983154,0.944642"
16000,step_016000,0,4,0.9916053647346854,0.9918665049008438,0.0014079988652328,0.0013746513563443,2,10,"1.071038,0.858693"
16000,step_016000,0,5,0.9906064531237494,0.9907755077411534,0.0015754955867911,0.0015590574767736,2,12,"1.088313,0.999746"
16000,step_016000,0,6,0.9898911084498736,0.9900914298812356,0.0016953197937523,0.0016746668813758,2,14,"0.953388,0.707509"
16000,step_016000,0,7,0.9891739254001672,0.9894116498841576,0.0018154902677819,0.0017895611468811,2,16,"0.884858,0.636091"
16000,step_016000,0,8,0.98834506108211,0.988626541388034,0.0019544906216875,0.0019222447376876,2,18,"1.014195,0.865773"
16000,step_016000,0,9,0.9869370889422752,0.9872386771139164,0.0021911651591869,0.0021568636327981,2,20,"1.157376,0.670485"
16000,step_016000,0,10,0.9854577590397806,0.9858998628565916,0.0024396073526655,0.0023831648418109,2,22,"1.078727,0.659124"
16000,step_016000,0,11,0.98364974302311,0.9842679245431704,0.0027431956938931,0.0026590123365611,2,24,"1.230826,0.707331"
16000,step_016000,0,12,0.9816502690776584,0.9822519772380944,0.0030784402180185,0.0029997307717766,2,26,"1.200883,0.789087"
16000,step_016000,0,13,0.978472269443532,0.9788657395110304,0.0036118598750021,0.0035720581327465,2,28,"1.402808,0.888224"
16000,step_016000,0,14,0.97486653480953,0.9750306982164884,0.0042171653184512,0.0042203052473615,2,30,"1.041110,0.950906"
16000,step_016000,1,0,0.9961292511970862,0.9962591074798178,0.0006495391417972,0.0006322723093219,2,2,"0.599724,0.462049"
16000,step_016000,1,1,0.9946828951004368,0.994922478486742,0.0008919901884124,0.0008581668312136,2,4,"0.476547,0.388959"
16000,step_016000,1,2,0.9933062813155032,0.993475585380231,0.0011225797857455,0.0011026951298318,2,6,"0.410902,0.385342"
16000,step_016000,1,3,0.9918441098506372,0.9918068301705676,0.0013678106471281,0.0013847545180855,2,8,"0.493456,0.359757"
16000,step_016000,1,4,0.9903131601314986,0.9902052747153228,0.001624897463296,0.0016554680272647,2,10,"0.543809,0.363824"
16000,step_016000,1,5,0.9882398164014038,0.987426242868644,0.0019730330207645,0.0021252275834887,2,12,"0.579765,0.351665"
16000,step_016000,1,6,0.9859345692213805,0.9850303078602014,0.0023602021880969,0.0025302312129218,2,14,"0.594246,0.333936"
16000,step_016000,1,7,0.982877463972716,0.9820826287549028,0.0028737065105603,0.0030284885752146,2,16,"0.767155,0.369994"
16000,step_016000,1,8,0.9794018903268998,0.9784409965526712,0.0034572336352107,0.0036440641320123,2,18,"0.678600,0.341765"
16000,step_016000,1,9,0.9762498029837025,0.97577847718846,0.0039860314683792,0.0040940724904052,2,20,"0.676736,0.460830"
16000,step_016000,1,10,0.971020540087638,0.9706570100184893,0.0048624053670174,0.0049596475700765,2,22,"0.622260,0.477288"
16000,step_016000,1,11,0.9665539464844612,0.9660331990422534,0.0056109406999216,0.0057411025765165,2,24,"0.641794,0.509744"
16000,step_016000,1,12,0.9608758883091412,0.9615233752162332,0.0065630185167297,0.0065032733188788,2,26,"0.771454,0.614407"
16000,step_016000,1,13,0.9480758431165848,0.9494719753934476,0.0087109912147421,0.0085400732666022,2,28,"0.750607,0.701107"
16000,step_016000,1,14,0.9374151655070292,0.9379590263089578,0.0104995533630568,0.010485892527321,2,30,"0.891901,0.573069"
16000,step_016000,2,0,0.99705181421756,0.996992478522558,0.0004944604851534,0.0005083150455245,2,2,"0.469772,0.313498"
16000,step_016000,2,1,0.9951361635860272,0.9952019345017812,0.0008160657954632,0.0008109482151996,2,4,"0.405337,0.316835"
16000,step_016000,2,2,0.9938494675461276,0.9938636086044408,0.0010315959569492,0.0010371238899139,2,6,"0.319392,0.310464"
16000,step_016000,2,3,0.9922023593664892,0.9919826207621856,0.0013082371845322,0.0013550600578772,2,8,"0.446106,0.275896"
16000,step_016000,2,4,0.9902306464755048,0.989829072280446,0.0016389323203125,0.0017190759255787,2,10,"0.390116,0.323399"
16000,step_016000,2,5,0.9878665883970142,0.9872327538526964,0.0020359267826576,0.0021579078357236,2,12,"0.464935,0.317566"
16000,step_016000,2,6,0.9854341949707616,0.9845031777983376,0.0024437010888888,0.002619261812029,2,14,"0.490520,0.336611"
16000,step_016000,2,7,0.9824874596134832,0.9819137302706984,0.0029386111131701,0.0030569590653008,2,16,"0.407068,0.329370"
16000,step_016000,2,8,0.97933002344795,0.978463576423256,0.0034681823875544,0.003640078701823,2,18,"0.472041,0.340333"
16000,step_016000,2,9,0.9751741818492587,0.973677161993082,0.0041650603544834,0.0044490915189466,2,20,"0.503555,0.390112"
16000,step_016000,2,10,0.9700436836745676,0.9683524325149714,0.0050250322568725,0.0053489862046876,2,22,"0.462070,0.338870"
16000,step_016000,2,11,0.9650531842400984,0.9643716273036258,0.0058628040463228,0.006021831022508,2,24,"0.498686,0.458620"
16000,step_016000,2,12,0.9566574267705712,0.9567027928029552,0.0072705858210175,0.0073178883575841,2,26,"0.577148,0.381557"
16000,step_016000,2,13,0.947253423698171,0.9486978316828528,0.0088488880719841,0.008670855897504,2,28,"0.561839,0.396831"
16000,step_016000,2,14,0.936648310889853,0.9394174449037984,0.0106285804699547,0.0102392881759336,2,30,"0.625187,0.393657"
16000,step_016000,3,0,0.9974656481602938,0.9975251540172708,0.0004247964836148,0.0004182616525419,2,2,"0.304924,0.281525"
16000,step_016000,3,1,0.9957804366377844,0.9959350652656396,0.0007073398098724,0.0006869923599571,2,4,"0.357711,0.236683"
16000,step_016000,3,2,0.9944264126748634,0.9944103795373492,0.0009344430355953,0.0009446774601893,2,6,"0.292952,0.273673"
16000,step_016000,3,3,0.9928940897717168,0.992911033974408,0.0011913208206838,0.0011980716024434,2,8,"0.272489,0.231654"
16000,step_016000,3,4,0.991406059530331,0.9915069398935028,0.0014408586624489,0.0014353569109688,2,10,"0.325306,0.245130"
16000,step_016000,3,5,0.989112143364098,0.9889657652801166,0.0018258000038063,0.0018648896024164,2,12,"0.320695,0.272674"
16000,step_016000,3,6,0.9864437556441552,0.98625476963797,0.0022734089718557,0.0023231246432139,2,14,"0.354425,0.308678"
16000,step_016000,3,7,0.9834217061251534,0.9828811720729768,0.0027810965968506,0.0028934070392477,2,16,"0.410683,0.237188"
16000,step_016000,3,8,0.9796122128865936,0.978812338069996,0.0034211875247968,0.0035811987975484,2,18,"0.394378,0.273503"
16000,step_016000,3,9,0.9756722901053166,0.9750004837653377,0.0040824420768316,0.0042254891421615,2,20,"0.462964,0.330298"
16000,step_016000,3,10,0.9702832534457864,0.9697872318661592,0.0049855984070592,0.005106552587944,2,22,"0.400252,0.324558"
16000,step_016000,3,11,0.9634076856239296,0.9622097840803188,0.006137839977888,0.0063871261164779,2,24,"0.609903,0.364861"
16000,step_016000,3,12,0.955619342983952,0.9550918752618168,0.0074464862254505,0.0075902890883818,2,26,"0.465922,0.372100"
16000,step_016000,3,13,0.9453869554844389,0.9459953837014102,0.009161206373774,0.0091275684762072,2,28,"0.496252,0.402811"
16000,step_016000,3,14,0.9325405862179,0.9335645550436776,0.0113093619593107,0.0112280029500371,2,30,"0.577144,0.460360"
18000,step_018000,0,0,0.9960076271031402,0.9958172382447424,0.0006695371922829,0.0007069196140369,2,2,"1.925567,1.477313"
18000,step_018000,0,1,0.994691144054876,0.9948106346143168,0.0008906301508549,0.0008770759152089,2,4,"1.428394,1.098400"
18000,step_018000,0,2,0.9938753736034304,0.994176362424026,0.0010273452667699,0.0009842632685384,2,6,"1.231620,1.021926"
18000,step_018000,0,3,0.993149278730728,0.993350110734438,0.0011490048766132,0.0011239043315656,2,8,"0.929354,0.793350"
18000,step_018000,0,4,0.9924897037536776,0.9926916013600708,0.0012595472837463,0.0012351900611538,2,10,"1.075930,0.907269"
18000,step_018000,0,5,0.9917115089308044,0.99175933296808,0.0013900923254649,0.0013927681690817,2,12,"1.318252,0.926031"
18000,step_018000,0,6,0.9909749459769468,0.9910610172312664,0.0015136074991882,0.0015108084355909,2,14,"0.736907,0.677511"
18000,step_018000,0,7,0.9903738602491324,0.9904796794124608,0.0016144189280794,0.0016090573252081,2,16,"1.060295,0.586100"
18000,step_018000,0,8,0.9893288057252366,0.9895707469547628,0.0017897493492646,0.0017626824630889,2,18,"0.996241,0.904902"
18000,step_018000,0,9,0.98786650716364,0.9881308511661084,0.0020355169840843,0.0020060929196188,2,20,"1.012108,0.612576"
18000,step_018000,0,10,0.9864635312822428,0.9868953686377502,0.0022710748865973,0.0022149095189211,2,22,"1.247434,0.676693"
18000,step_018000,0,11,0.984776475120731,0.98528347568516,0.0025542571189517,0.0024873670156922,2,24,"1.081975,0.734265"
18000,step_018000,0,12,0.9827745759946406,0.9831197182439776,0.0028904871366373,0.0028530894136778,2,26,"1.349069,0.805244"
18000,step_018000,0,13,0.980088701373222,0.9803120970303318,0.0033413446389257,0.0033276815548269,2,28,"1.450359,0.815706"
18000,step_018000,0,14,0.9772080986777114,0.9769320069806882,0.0038243719678967,0.0038989619161643,2,30,"1.278206,0.956636"
18000,step_018000,1,0,0.9964313096012978,0.9966131826316365,0.0005987306672141,0.0005724217089671,2,2,"0.581499,0.406956"
18000,step_018000,1,1,0.9950416863571382,0.9952780958456694,0.0008316566041685,0.0007980489909191,2,4,"0.441631,0.387920"
18000,step_018000,1,2,0.9938601121133972,0.993989691948288,0.0010296955604972,0.0010158006647628,2,6,"0.449237,0.359680"
18000,step_018000,1,3,0.9926840461683802,0.992672190735337,0.0012269777422722,0.0012384848655668,2,8,"0.556444,0.360640"
18000,step_018000,1,4,0.9908887210037988,0.9906649660921744,0.0015281944516453,0.0015777313622344,2,10,"0.590011,0.323436"
18000,step_018000,1,5,0.9889992401433184,0.9884389660338856,0.0018453303514725,0.0019539927501725,2,12,"0.589812,0.335322"
18000,step_018000,1,6,0.9866497330039086,0.985853814590514,0.002239891076456,0.00239099274343,2,14,"0.521041,0.325330"
18000,step_018000,1,7,0.9846977138068534,0.9837093630326232,0.002567577603223,0.0027534572906951,2,16,"0.659748,0.330175"
18000,step_018000,1,8,0.9816665758214744,0.9805803118284664,0.0030762466879498,0.0032823681669135,2,18,"0.655545,0.336731"
18000,step_018000,1,9,0.9777246037025584,0.9773461329002832,0.0037374765383749,0.0038290121550935,2,20,"0.614377,0.521575"
18000,step_018000,1,10,0.9725591270779818,0.9723700831470844,0.0046028148279264,0.0046699912667753,2,22,"0.631293,0.510284"
18000,step_018000,1,11,0.968690698299837,0.96905421830024,0.0052509866107231,0.0052303676910991,2,24,"0.608795,0.444498"
18000,step_018000,1,12,0.9620909953096028,0.9623633375700456,0.0063587888057431,0.0063613015018427,2,26,"0.729627,0.597682"
18000,step_018000,1,13,0.9526472000552376,0.953364037321654,0.0079410714092536,0.007882079916761,2,28,"0.704704,0.632425"
18000,step_018000,1,14,0.940587222185926,0.9408037442244814,0.0099653002595132,0.0100050085420799,2,30,"0.854021,0.515137"
18000,step_018000,2,0,0.9973559840017776,0.997282720980103,0.0004433478287925,0.0004592502237888,2,2,"0.435786,0.289934"
18000,step_018000,2,1,0.9956584528608532,0.9957876116272804,0.0007283757300233,0.000711952530333,2,4,"0.421819,0.328900"
18000,step_018000,2,2,0.9945287907530668,0.9946240387318696,0.0009177796068487,0.0009086063931269,2,6,"0.313424,0.304581"
18000,step_018000,2,3,0.992858357253603,0.9927680662167624,0.0011982054115038,0.001222300261571,2,8,"0.516131,0.265021"
18000,step_018000,2,4,0.9906701778122318,0.9902463630484396,0.0015650755722138,0.0016485272422953,2,10,"0.434809,0.328385"
18000,step_018000,2,5,0.988754565949576,0.9881261338157082,0.0018866223072917,0.0020068923422921,2,12,"0.407263,0.304120"
18000,step_018000,2,6,0.9860269475952474,0.9852439040553006,0.0023442928797534,0.002494056999232,2,14,"0.413845,0.351135"
18000,step_018000,2,7,0.9835700828366104,0.9828176618635786,0.0027568297454758,0.0029041472489735,2,16,"0.418318,0.286133"
18000,step_018000,2,8,0.9806520935634648,0.9798334514401292,0.0032458938256055,0.0034084915762295,2,18,"0.443490,0.337365"
18000,step_018000,2,9,0.9758158225666858,0.9743673801158242,0.0040558465175512,0.0043322929458335,2,20,"0.524578,0.324311"
18000,step_018000,2,10,0.9702037927336444,0.9690541384972816,0.00499585452248,0.0052302294013989,2,22,"0.480763,0.352487"
18000,step_018000,2,11,0.9648109557834692,0.9636855876296312,0.0059005561889618,0.0061375494678556,2,24,"0.467344,0.414999"
18000,step_018000,2,12,0.9561372236553404,0.956587317170677,0.0073566819216773,0.0073373176800027,2,26,"0.541195,0.366033"
18000,step_018000,2,13,0.9475683785092824,0.9484437090729666,0.0087948467002572,0.0087137509572157,2,28,"0.594158,0.431082"
18000,step_018000,2,14,0.9370839978039432,0.939884353132563,0.0105546412866312,0.0101602842672328,2,30,"0.564345,0.421706"
18000,step_018000,3,0,0.9975829298427332,0.9976191907251902,0.0004051173176174,0.0004023650986859,2,2,"0.291426,0.248401"
18000,step_018000,3,1,0.9961990097733436,0.9963187863883052,0.0006370721944755,0.0006221349823085,2,4,"0.359458,0.231236"
18000,step_018000,3,2,0.9948796829470782,0.9948867985503984,0.0008584756132403,0.0008641486063513,2,6,"0.286123,0.242797"
18000,step_018000,3,3,0.9933598113913789,0.9933666847240972,0.0011131527870642,0.001121043165629,2,8,"0.268175,0.232459"
18000,step_018000,3,4,0.991781285502338,0.9918042343180086,0.0013778553900637,0.0013851035058895,2,10,"0.304348,0.265601"
18000,step_018000,3,5,0.9895064185900851,0.9892698596856432,0.001759408543036,0.0018134675805523,2,12,"0.348288,0.262865"
18000,step_018000,3,6,0.9871788134581276,0.9867949281413498,0.0021493526188474,0.0022317285994279,2,14,"0.360956,0.263569"
18000,step_018000,3,7,0.9841563810094268,0.9836688262335852,0.0026569859789293,0.0027601894993552,2,16,"0.402969,0.242264"
18000,step_018000,3,8,0.9806178429374864,0.979904903600071,0.0032506538772628,0.0033963522635082,2,18,"0.461183,0.341419"
18000,step_018000,3,9,0.9765474101101894,0.9760507356629065,0.0039331337613655,0.004047802356876,2,20,"0.439508,0.324030"
18000,step_018000,3,10,0.9711184118710257,0.9702205297748104,0.0048434800716166,0.0050331561164566,2,22,"0.404252,0.317213"
18000,step_018000,3,11,0.965067182284706,0.9637104057919008,0.0058587821354313,0.0061334565625105,2,24,"0.534172,0.309294"
18000,step_018000,3,12,0.9564807038972264,0.9555322841645818,0.0073009676517201,0.0075157663589111,2,26,"0.590496,0.336350"
18000,step_018000,3,13,0.9457839098104708,0.9453010619292448,0.0090943133116016,0.00924484043545,2,28,"0.517479,0.383697"
18000,step_018000,3,14,0.9313394608669238,0.9322072770347806,0.0115122544907399,0.0114574824041446,2,30,"0.608749,0.471722"
20000,step_020000,0,0,0.9964116042062284,0.9962625187644268,0.0006018517739275,0.0006316710660295,2,2,"1.867524,1.560590"
20000,step_020000,0,1,0.9952230984125112,0.9953310340250572,0.0008014530433612,0.0007891274108832,2,4,"1.313246,1.110325"
20000,step_020000,0,2,0.9944712634202828,0.994703654304576,0.0009275577336388,0.0008951564020566,2,6,"0.981454,0.946250"
20000,step_020000,0,3,0.9938090590203972,0.9939558366089538,0.0010384840609926,0.001021541503101,2,8,"1.052261,1.021843"
20000,step_020000,0,4,0.992943356712707,0.993093073928529,0.0011836944303604,0.0011673585256688,2,10,"1.017314,0.761562"
20000,step_020000,0,5,0.9921684043868813,0.9923170959941122,0.0013136332418284,0.0012985152028117,2,12,"1.132452,0.909950"
20000,step_020000,0,6,0.991512558176407,0.9916478351834896,0.0014236527713657,0.0014116335068416,2,14,"0.888468,0.700848"
20000,step_020000,0,7,0.9909174837646284,0.991134027233818,0.0015234533076438,0.0014984700388541,2,16,"0.883913,0.724978"
20000,step_020000,0,8,0.9897467826608852,0.9898847219646428,0.0017198976530493,0.0017096168370067,2,18,"0.941638,0.745903"
20000,step_020000,0,9,0.9886622072904788,0.9887929479581792,0.0019020928719945,0.00189416372127,2,20,"1.260785,0.756991"
20000,step_020000,0,10,0.9870635080758662,0.9872829970159954,0.0021707169712516,0.0021494152192469,2,22,"1.301272,0.703227"
20000,step_020000,0,11,0.9851920119662604,0.985547043345844,0.0024848040640317,0.002442862399736,2,24,"1.252835,0.734931"
20000,step_020000,0,12,0.9826224686351236,0.9826987278919258,0.0029166207695723,0.0029243269838204,2,26,"1.351018,0.872478"
20000,step_020000,0,13,0.9798705352901874,0.9798720381770464,0.0033785344190738,0.0034021253689906,2,28,"1.101642,0.807374"
20000,step_020000,0,14,0.9762284224958976,0.9752100923725092,0.0039894261446448,0.0041901418813803,2,30,"1.220151,0.886251"
20000,step_020000,1,0,0.996816952208948,0.996982841526708,0.0005340958906932,0.0005099491849696,2,2,"0.600658,0.381501"
20000,step_020000,1,1,0.995348721358446,0.9955269688716294,0.0007801719473527,0.0007559934977259,2,4,"0.467255,0.400893"
20000,step_020000,1,2,0.9942110551641052,0.994322080195876,0.0009709120725932,0.0009596331136342,2,6,"0.464961,0.372187"
20000,step_020000,1,3,0.9927142397867788,0.9926460505575836,0.0012220266649637,0.0012429170183669,2,8,"0.503712,0.361242"
20000,step_020000,1,4,0.990954489471314,0.9906629015834244,0.0015173586433169,0.001578127509584,2,10,"0.638925,0.358625"
20000,step_020000,1,5,0.9886947909304192,0.9882637216270286,0.0018970211296512,0.0019836787073765,2,12,"0.592421,0.358597"
20000,step_020000,1,6,0.9865963361259176,0.9856038928411848,0.0022492785157012,0.0024332866607826,2,14,"0.554036,0.364941"
20000,step_020000,1,7,0.9841336940071556,0.9832099490833578,0.0026628516506311,0.0028379465061928,2,16,"0.702708,0.354447"
20000,step_020000,1,8,0.9803456556048372,0.9794063079720609,0.0032986481726498,0.003480885967053,2,18,"0.637629,0.322080"
20000,step_020000,1,9,0.9773046538770312,0.9767207097318588,0.0038083636636352,0.0039347602053779,2,20,"0.680355,0.471253"
20000,step_020000,1,10,0.9725923808178016,0.972365510163992,0.0045974493810787,0.0046707767770844,2,22,"0.773245,0.470077"
20000,step_020000,1,11,0.9673903202058453,0.9674265035220552,0.0054685965642899,0.0055054679061761,2,24,"0.666636,0.454588"
20000,step_020000,1,12,0.9614933399057732,0.9619529430483938,0.0064581611939363,0.0064306034097292,2,26,"0.584451,0.492166"
20000,step_020000,1,13,0.9498007933618258,0.950016860865238,0.0084202175336699,0.0084479254925936,2,28,"0.882375,0.745326"
20000,step_020000,1,14,0.9368869774976792,0.9383776310928602,0.0105871468740155,0.0104150426307981,2,30,"0.920839,0.475035"
20000,step_020000,2,0,0.9977241108769812,0.9976656066619908,0.0003816642544444,0.0003945427130283,2,2,"0.431263,0.288329"
20000,step_020000,2,1,0.9959402327679184,0.9960738540135456,0.0006811700762165,0.0006635746742294,2,4,"0.399563,0.300796"
20000,step_020000,2,2,0.9946425611885648,0.994712165437225,0.0008986080166917,0.0008937066940396,2,6,"0.375824,0.335757"
20000,step_020000,2,3,0.9928063505556712,0.9927067072129212,0.0012068032397055,0.0012326571590887,2,8,"0.447833,0.302729"
20000,step_020000,2,4,0.9909163801514698,0.9905294012841138,0.0015237118819395,0.0016006803092726,2,10,"0.453419,0.291533"
20000,step_020000,2,5,0.9888353218001128,0.9881610698835912,0.0018730798515203,0.0020009925516575,2,12,"0.384005,0.276282"
20000,step_020000,2,6,0.9864746281289278,0.9856834252230318,0.0022694812731059,0.0024197987194375,2,14,"0.469460,0.358054"
20000,step_020000,2,7,0.9835558461029557,0.9830654188035992,0.0027598132346821,0.00286233642311,2,16,"0.408602,0.353266"
20000,step_020000,2,8,0.9803823293145308,0.9791190033564277,0.0032921010073643,0.003529374930268,2,18,"0.480419,0.369315"
20000,step_020000,2,9,0.9764187531703592,0.9751372663241012,0.0039563538997714,0.0042022884664157,2,20,"0.556961,0.340467"
20000,step_020000,2,10,0.9699189564305474,0.9687308703525912,0.0050460173157022,0.0052850533171209,2,22,"0.470775,0.349823"
20000,step_020000,2,11,0.9646546118823008,0.9641255080780724,0.0059287344251738,0.0060633392576785,2,24,"0.573240,0.448088"
20000,step_020000,2,12,0.9555427244540798,0.9562326396097398,0.0074587531679845,0.0073974638931237,2,26,"0.626481,0.425795"
20000,step_020000,2,13,0.9457369127516696,0.9479578312587916,0.0091050500998485,0.0087961165163533,2,28,"0.569124,0.386536"
20000,step_020000,2,14,0.9381682687947596,0.941193318757259,0.0103759187176593,0.0099394481364728,2,30,"0.519580,0.343377"
20000,step_020000,3,0,0.9979246198586114,0.9979797452476572,0.0003478781069744,0.0003414319245374,2,2,"0.281775,0.243763"
20000,step_020000,3,1,0.9964941737937224,0.9965096431956634,0.0005878161212966,0.000589885976653,2,4,"0.327196,0.241809"
20000,step_020000,3,2,0.995166697011476,0.9951391372801274,0.0008103362542458,0.0008214992708496,2,6,"0.343577,0.268230"
20000,step_020000,3,3,0.9937319250668244,0.9937545652917512,0.0010507173585091,0.0010554728633095,2,8,"0.307362,0.251864"
20000,step_020000,3,4,0.9922684548128567,0.99221682374891,0.0012960164784598,0.0013153669334024,2,10,"0.320661,0.237930"
20000,step_020000,3,5,0.9902619314563312,0.9901006259541476,0.0016326831283272,0.0016730544052122,2,12,"0.389392,0.252517"
20000,step_020000,3,6,0.9878889591798314,0.9874853172050524,0.0020309548197529,0.0021151218264985,2,14,"0.315852,0.281463"
20000,step_020000,3,7,0.9847360741054332,0.9844370259048754,0.0025596543872654,0.0026303230120262,2,16,"0.398861,0.320476"
20000,step_020000,3,8,0.9810762227183896,0.9806255992069404,0.0031745064066845,0.0032745965004776,2,18,"0.375771,0.315165"
20000,step_020000,3,9,0.9765347969484348,0.976363090254901,0.0039354230361859,0.0039949932578141,2,20,"0.454258,0.332198"
20000,step_020000,3,10,0.9704900947806204,0.9696787126706802,0.0049490210782669,0.0051246922452179,2,22,"0.463048,0.362118"
20000,step_020000,3,11,0.965274999483164,0.964048460578245,0.0058242602109667,0.0060763360066189,2,24,"0.551734,0.338896"
20000,step_020000,3,12,0.9575682027616224,0.9567621193473084,0.0071188134337295,0.0073079162047374,2,26,"0.540710,0.355114"
20000,step_020000,3,13,0.9471352375601244,0.9468218647578892,0.0088699713117944,0.0089880128769644,2,28,"0.479159,0.427646"
20000,step_020000,3,14,0.9400047813598664,0.9402305959666686,0.0100635067445792,0.0101017314030276,2,30,"0.501418,0.408877"
22000,step_022000,0,0,0.9966507860695516,0.9965790993551408,0.0005616945352271,0.0005781633056371,2,2,"2.120634,1.352768"
22000,step_022000,0,1,0.9954336787203748,0.9955795377093508,0.0007661133726092,0.0007471249764024,2,4,"1.393789,1.184154"
22000,step_022000,0,2,0.9947829988873323,0.9949982831396894,0.0008751823752524,0.000845345118423,2,6,"1.071752,1.017175"
22000,step_022000,0,3,0.9941080367238962,0.9942990301236572,0.00098829590006,0.0009635271544881,2,8,"1.000413,0.822544"
22000,step_022000,0,4,0.9933902437980344,0.9935577831362756,0.0011086597159641,0.001088805154762,2,10,"1.018575,0.808426"
22000,step_022000,0,5,0.9925666464032896,0.9926013242919834,0.0012468442677457,0.0012504713619441,2,12,"1.068468,0.762663"
22000,step_022000,0,6,0.9919860294746148,0.9919957122958812,0.0013441575870655,0.0013528415211109,2,14,"0.809625,0.626211"
22000,step_022000,0,7,0.9913932764684602,0.9915555439035244,0.0014437305394001,0.0014272529569914,2,16,"0.804157,0.593234"
22000,step_022000,0,8,0.9905448300403242,0.9907617218444884,0.0015859282976104,0.0015614022263156,2,18,"1.105502,0.756287"
22000,step_022000,0,9,0.9890029302102068,0.9894897198479596,0.0018449694789453,0.0017764272440714,2,20,"1.075349,0.678410"
22000,step_022000,0,10,0.9874786254441958,0.9877896354493076,0.0021011081252637,0.0020638004312074,2,22,"1.378975,0.724902"
22000,step_022000,0,11,0.9851048830470992,0.9853571095029012,0.002499799576192,0.002475002207697,2,24,"1.359405,0.616048"
22000,step_022000,0,12,0.9831253817091338,0.98327919253429,0.002832497585447,0.0028262774236431,2,26,"1.211968,0.925610"
22000,step_022000,0,13,0.9805105999307824,0.9804884224267348,0.0032709922738937,0.0032979342038902,2,28,"1.306554,0.980069"
22000,step_022000,0,14,0.9773210278065164,0.976815275853116,0.0038058215610063,0.0039187542564085,2,30,"1.238544,0.874285"
22000,step_022000,1,0,0.99693111143283,0.9971376218057202,0.0005149083559298,0.0004837814213279,2,2,"0.569252,0.377860"
22000,step_022000,1,1,0.9956972769953736,0.9959555025821404,0.0007217636832479,0.000683565713543,2,4,"0.419178,0.375312"
22000,step_022000,1,2,0.9946707261345484,0.9947890886344998,0.0008938624955085,0.0008806950510811,2,6,"0.453658,0.389190"
22000,step_022000,1,3,0.9932931755316972,0.9931959090729704,0.0011250805277619,0.0011499852517592,2,8,"0.513327,0.318224"
22000,step_022000,1,4,0.991342153541773,0.9911244160907944,0.0014529154639814,0.0015001627661517,2,10,"0.576322,0.350276"
22000,step_022000,1,5,0.9896294553129112,0.9889672513876712,0.0017405581669014,0.0018647882852313,2,12,"0.605870,0.363575"
22000,step_022000,1,6,0.9877046002135356,0.98716896445284,0.002064005164743,0.0021687819494035,2,14,"0.503958,0.337081"
22000,step_022000,1,7,0.9852693288638682,0.9839185437508928,0.0024732344642968,0.0027182508587696,2,16,"0.609473,0.295999"
22000,step_022000,1,8,0.9822697801127104,0.981122316580548,0.0029768616736455,0.003190900518136,2,18,"0.580610,0.312859"
22000,step_022000,1,9,0.9782803411397736,0.977341485085459,0.0036460116532051,0.0038299364996552,2,20,"0.606595,0.516511"
22000,step_022000,1,10,0.9740322473089744,0.9739228121781456,0.0043582721520484,0.0044076959746914,2,22,"0.612299,0.437063"
22000,step_022000,1,11,0.9685007511415789,0.9690195977322764,0.0052851284724332,0.0052363916096366,2,24,"0.670533,0.423590"
22000,step_022000,1,12,0.9641215401167996,0.964329434276968,0.0060200174482075,0.006029110403393,2,26,"0.655161,0.552153"
22000,step_022000,1,13,0.9581950837832788,0.9591853421866688,0.0070142050302687,0.0068985165870635,2,28,"0.716408,0.592642"
22000,step_022000,1,14,0.9467205767874612,0.947125884901996,0.0089386517050622,0.0089366737262031,2,30,"0.841183,0.576552"
22000,step_022000,2,0,0.9978402568141002,0.9978309186739738,0.0003621126866264,0.0003665951473769,2,2,"0.403154,0.270208"
22000,step_022000,2,1,0.9961233875523876,0.9962114131008412,0.0006505280160734,0.000640332310597,2,4,"0.313152,0.263649"
22000,step_022000,2,2,0.9947950615102192,0.9949060600783356,0.0008733638464577,0.0008609611452324,2,6,"0.432439,0.322056"
22000,step_022000,2,3,0.9932759825231168,0.9931584873667229,0.0011281529500373,0.0011563187550584,2,8,"0.403925,0.241344"
22000,step_022000,2,4,0.9913757001753986,0.9909448041856316,0.001447027576868,0.0015304937836291,2,10,"0.410898,0.298101"
22000,step_022000,2,5,0.989693345105636,0.9892305710159692,0.0017294280195669,0.0018202472478942,2,12,"0.406407,0.308578"
22000,step_022000,2,6,0.987198303890847,0.9865558156201129,0.0021478704694019,0.0022723302987383,2,14,"0.483308,0.318471"
22000,step_022000,2,7,0.9841788730691164,0.9837025454949618,0.0026549429523521,0.0027546069728785,2,16,"0.419286,0.296688"
22000,step_022000,2,8,0.981422982661126,0.9807258018731208,0.0031172495000717,0.0032577567095069,2,18,"0.445965,0.351171"
22000,step_022000,2,9,0.976803916317628,0.975656534410649,0.0038921790746491,0.0041145923828426,2,20,"0.533677,0.317395"
22000,step_022000,2,10,0.9715754680263056,0.970527162009802,0.0047685852994814,0.0049814979787982,2,22,"0.483960,0.353787"
22000,step_022000,2,11,0.9657601242050968,0.9652870544184208,0.005744425838387,0.0058670995584437,2,24,"0.495715,0.467238"
22000,step_022000,2,12,0.9580181070525718,0.9579452928436122,0.0070434220782132,0.0071079836130653,2,26,"0.551124,0.317994"
22000,step_022000,2,13,0.9515621621008882,0.9519163731070068,0.008126789941729,0.0081269618448248,2,28,"0.542484,0.365612"
22000,step_022000,2,14,0.942647786644528,0.9454589316112854,0.0096228216713392,0.0092182842266646,2,30,"0.571576,0.312140"
22000,step_022000,3,0,0.9980010167702824,0.9980818527807428,0.0003350251738405,0.0003241741943677,2,2,"0.258583,0.239110"
22000,step_022000,3,1,0.996633312142741,0.9966717529285214,0.0005645142116387,0.0005624885966337,2,4,"0.311244,0.223545"
22000,step_022000,3,2,0.9950508589298304,0.9951912148069604,0.000830085275458,0.0008127175429812,2,6,"0.250670,0.208910"
22000,step_022000,3,3,0.9937992533173368,0.9937758124139072,0.0010398088686426,0.0010519087429962,2,8,"0.293937,0.245677"
22000,step_022000,3,4,0.992266429052805,0.9922702194535964,0.0012967609622512,0.001306367545682,2,10,"0.355182,0.222682"
22000,step_022000,3,5,0.9906756559151422,0.990537429315545,0.0015633573211835,0.0015992170857751,2,12,"0.325654,0.277366"
22000,step_022000,3,6,0.9884839066868536,0.9880130735245316,0.0019313636048918,0.0020259175826334,2,14,"0.306170,0.243476"
22000,step_022000,3,7,0.9858595913552056,0.9854548832498036,0.0023715459417002,0.0024582960289084,2,16,"0.421160,0.258941"
22000,step_022000,3,8,0.9819966536522756,0.9819607306985088,0.0030203990035925,0.0030489229025262,2,18,"0.388141,0.322730"
22000,step_022000,3,9,0.9780240911945528,0.9775375158382946,0.0036872444349873,0.0037966053290341,2,20,"0.458026,0.364938"
22000,step_022000,3,10,0.9721545475515002,0.97118298080157,0.0046710490007406,0.0048705898849814,2,22,"0.418525,0.326860"
22000,step_022000,3,11,0.966702405863176,0.964909206141564,0.0055863434097675,0.0059310173736303,2,24,"0.466331,0.341656"
22000,step_022000,3,12,0.9590221729105602,0.9583470316486952,0.0068768936229524,0.0070402538148508,2,26,"0.553921,0.284080"
22000,step_022000,3,13,0.94858079125516,0.9483977720188662,0.0086282160606504,0.0087216937282774,2,28,"0.410394,0.374156"
22000,step_022000,3,14,0.9381546149838628,0.9376731752198428,0.0103768350439562,0.010534128065227,2,30,"0.559060,0.370316"
24000,step_024000,0,0,0.9965371008699564,0.996334106474273,0.0005808512996532,0.0006195727523991,2,2,"1.911823,1.342394"
24000,step_024000,0,1,0.9953932039452076,0.9955349253076048,0.0007730086196178,0.0007546679115413,2,4,"1.445902,1.195889"
24000,step_024000,0,2,0.9946765011185934,0.9948855421157914,0.0008932914950893,0.0008644254884979,2,6,"1.128157,1.012590"
24000,step_024000,0,3,0.9940942319916402,0.9942918396847792,0.0009908872670575,0.0009647615324446,2,8,"0.943889,0.835848"
24000,step_024000,0,4,0.9933312211793416,0.9934948870748712,0.001118869303326,0.0010994620674222,2,10,"1.180427,0.954434"
24000,step_024000,0,5,0.9926344206424718,0.9926856499763016,0.0012358045956616,0.0012362384776674,2,12,"0.934499,0.655939"
24000,step_024000,0,6,0.9921222172124252,0.9920651335461588,0.0013216465250308,0.0013411142366326,2,14,"0.908532,0.679044"
24000,step_024000,0,7,0.991527182331384,0.9914436259656806,0.0014215589947032,0.0014461685009942,2,16,"0.990666,0.655443"
24000,step_024000,0,8,0.9904305458798724,0.990490780615738,0.0016057752274897,0.0016072457133421,2,18,"1.140384,0.742303"
24000,step_024000,0,9,0.9892371166392948,0.9894745455329328,0.001806099057062,0.0017789955615895,2,20,"1.163671,0.745720"
24000,step_024000,0,10,0.9881563690996772,0.9885236878343234,0.0019876185630325,0.0019397233816809,2,22,"1.302152,0.597833"
24000,step_024000,0,11,0.9866888225748842,0.9866981267486072,0.002233872586167,0.0022483076488798,2,24,"1.227645,0.809868"
24000,step_024000,0,12,0.9844860898157208,0.9845521691290536,0.002603932263238,0.0026110659623065,2,26,"1.406535,0.769782"
24000,step_024000,0,13,0.9816509737317576,0.981605006885366,0.0030800947845427,0.0031092527361421,2,28,"1.164744,0.918663"
24000,step_024000,0,14,0.9781293547785856,0.9772307876962788,0.0036708526271513,0.0038485885230728,2,30,"1.384238,0.973746"
24000,step_024000,1,0,0.9969705049882046,0.9971866297362192,0.0005082674147091,0.0004754948220246,2,2,"0.573216,0.411392"
24000,step_024000,1,1,0.995603591334908,0.9957697244498916,0.000737559558441,0.0007149707928741,2,4,"0.448349,0.416320"
24000,step_024000,1,2,0.9945149973147296,0.9945285550962112,0.0009201396784466,0.0009247347618074,2,6,"0.443809,0.393598"
24000,step_024000,1,3,0.9930478803544078,0.9929349747643704,0.0011660917826359,0.0011940768111204,2,8,"0.586897,0.332820"
24000,step_024000,1,4,0.9910052506307624,0.9905221971009938,0.0015094106855813,0.0016019439533018,2,10,"0.585312,0.369589"
24000,step_024000,1,5,0.9886565466492088,0.9879683910353726,0.0019041606797822,0.002033648648415,2,12,"0.577914,0.345287"
24000,step_024000,1,6,0.986369804537226,0.9854724297300144,0.0022881129186558,0.0024555514335694,2,14,"0.546593,0.386137"
24000,step_024000,1,7,0.9837683748582232,0.982639277604464,0.0027252992073387,0.0029345058798043,2,16,"0.654208,0.331367"
24000,step_024000,1,8,0.9814286438247024,0.9802814633714412,0.0031182161917297,0.0033330569461444,2,18,"0.592439,0.321135"
24000,step_024000,1,9,0.9781475658048364,0.9769485015477865,0.0036694006682303,0.0038964575017265,2,20,"0.596020,0.424157"
24000,step_024000,1,10,0.9739049570227416,0.973490750951344,0.0043809682470901,0.0044808761117401,2,22,"0.655554,0.464418"
24000,step_024000,1,11,0.970145502699326,0.9698010402101712,0.0050104585171858,0.0051044443560915,2,24,"0.604455,0.467427"
24000,step_024000,1,12,0.9640709839737802,0.963997299664362,0.0060301982483467,0.0060854432903966,2,26,"0.739187,0.540042"
24000,step_024000,1,13,0.9542586744982976,0.9545948449982274,0.0076751364645166,0.0076744768080666,2,28,"0.775410,0.538753"
24000,step_024000,1,14,0.9430640492293052,0.9426782812683856,0.009552978364398,0.0096884392112717,2,30,"0.758147,0.515449"
24000,step_024000,2,0,0.9978168320152192,0.997726012350068,0.0003660933053214,0.0003843371909178,2,2,"0.406049,0.262960"
24000,step_024000,2,1,0.9961677847170988,0.9961769913751704,0.0006431514260124,0.0006461549973392,2,4,"0.377779,0.285220"
24000,step_024000,2,2,0.9948554461409432,0.9948366084610428,0.0008631550764111,0.0008726941709513,2,6,"0.403784,0.306793"
24000,step_024000,2,3,0.9929254529276916,0.992756316246845,0.0011870469329144,0.0012243025457964,2,8,"0.441152,0.278948"
24000,step_024000,2,4,0.9902352042738612,0.9896382715452868,0.0016389340960064,0.0017513879405771,2,10,"0.432351,0.299431"
24000,step_024000,2,5,0.988177457498073,0.9874838284733128,0.0019841872529623,0.0021155373180264,2,12,"0.459577,0.314883"
24000,step_024000,2,6,0.9858008188551468,0.9847892002922743,0.0023826890019564,0.0025709520529621,2,14,"0.468616,0.274366"
24000,step_024000,2,7,0.9831334794248908,0.9820651641801992,0.0028302948101399,0.0030313636970451,2,16,"0.508987,0.281920"
24000,step_024000,2,8,0.9802019725540112,0.9789589590371456,0.0033220696360871,0.0035563825801832,2,18,"0.425544,0.361005"
24000,step_024000,2,9,0.9762468391742524,0.9748885139266936,0.003984341165276,0.0042442800618601,2,20,"0.567358,0.389179"
24000,step_024000,2,10,0.9699113624390012,0.9680147728369768,0.0050443805286759,0.0054059147607477,2,22,"0.485705,0.457817"
24000,step_024000,2,11,0.964441019164504,0.9627335460257724,0.0059616876706153,0.0062983967771164,2,24,"0.474317,0.389830"
24000,step_024000,2,12,0.9581100335250478,0.957703604996434,0.007024414712316,0.007148507695781,2,26,"0.559068,0.362580"
24000,step_024000,2,13,0.9486930951327752,0.94976773175232,0.0086035934785049,0.0084897183576658,2,28,"0.499578,0.436891"
24000,step_024000,2,14,0.939528767859254,0.9403380484526171,0.010144019408583,0.0100837222439533,2,30,"0.476247,0.362745"
24000,step_024000,3,0,0.9980815426923516,0.998106783087554,0.0003215964994772,0.0003199681495712,2,2,"0.284824,0.240253"
24000,step_024000,3,1,0.9968017300893236,0.9967635938707726,0.0005364099589513,0.0005469813604815,2,4,"0.343771,0.254437"
24000,step_024000,3,2,0.995460524305511,0.9954499203303891,0.0007613622460035,0.000768997496052,2,6,"0.327586,0.236323"
24000,step_024000,3,3,0.993992804600268,0.9939564595458844,0.0010072911585346,0.0010213720742402,2,8,"0.286780,0.241854"
24000,step_024000,3,4,0.9923127545900716,0.9921105146427346,0.0012890160158764,0.0013333630543014,2,10,"0.324762,0.234742"
24000,step_024000,3,5,0.990188393189745,0.9899058581168264,0.0016456446635249,0.0017060239145247,2,12,"0.320246,0.258588"
24000,step_024000,3,6,0.9876864101837208,0.9872080868511368,0.002065441098152,0.0021620158096843,2,14,"0.345151,0.306987"
24000,step_024000,3,7,0.9849025109323198,0.9842355412459508,0.0025327538049685,0.0026644359255426,2,16,"0.390380,0.268647"
24000,step_024000,3,8,0.981336569435484,0.980682212417712,0.0031315273329647,0.0032650678189879,2,18,"0.419422,0.268926"
24000,step_024000,3,9,0.977799769663016,0.9773560298179148,0.0037250327352874,0.0038272775078055,2,20,"0.416640,0.350962"
24000,step_024000,3,10,0.972662725126293,0.97156321169348,0.0045853407470315,0.0048062602080968,2,22,"0.462463,0.332364"
24000,step_024000,3,11,0.967012673740266,0.9656731990786454,0.0055332122042167,0.0058017884591197,2,24,"0.464877,0.358422"
24000,step_024000,3,12,0.9590518498440144,0.9576443327473464,0.0068689502787344,0.0071588307035984,2,26,"0.559930,0.361816"
24000,step_024000,3,13,0.9505913972594904,0.9492930770664808,0.0082897189002401,0.0085704016689874,2,28,"0.668536,0.353174"
24000,step_024000,3,14,0.9401848180152104,0.9397580767488736,0.0100362354413452,0.0101819697125264,2,30,"0.485818,0.450270"
26000,step_026000,0,0,0.9967400697944516,0.9966096215628416,0.0005467379850496,0.0005730067648649,2,2,"1.930606,1.350482"
26000,step_026000,0,1,0.9955452943182111,0.9957139098598944,0.0007473539168829,0.0007244070710716,2,4,"1.271221,1.052452"
26000,step_026000,0,2,0.9948991340679976,0.9950980282146964,0.0008556211360923,0.0008284844691004,2,6,"0.987424,0.960533"
26000,step_026000,0,3,0.9941412269052377,0.9943157431102592,0.0009828095188835,0.0009607060651603,2,8,"1.103989,0.798289"
26000,step_026000,0,4,0.9936036747058598,0.993746799742267,0.0010729760146594,0.0010568710621682,2,10,"0.999964,0.896367"
26000,step_026000,0,5,0.9930188922078504,0.9929947170170016,0.0011711063577063,0.0011839907591971,2,12,"1.025141,0.724898"
26000,step_026000,0,6,0.9923735969082074,0.9922809107918744,0.0012792766122257,0.0013046453567129,2,14,"0.764701,0.647744"
26000,step_026000,0,7,0.9918644387679842,0.9918708035252144,0.0013646466415156,0.0013739535580481,2,16,"0.867685,0.588178"
26000,step_026000,0,8,0.991015081323742,0.9911987665742408,0.0015072833499558,0.0014875516946711,2,18,"0.952595,0.804280"
26000,step_026000,0,9,0.9898165769586256,0.9899396563296468,0.0017088237262531,0.0017004099760882,2,20,"1.143769,0.707712"
26000,step_026000,0,10,0.988654084731762,0.9890337312436348,0.0019041518471255,0.0018535405393369,2,22,"0.961937,0.579526"
26000,step_026000,0,11,0.98732899544496,0.98735426382332,0.002126781701007,0.0021374582189237,2,24,"1.101564,0.791106"
26000,step_026000,0,12,0.985685584962744,0.9855719303855172,0.0024027910096304,0.0024387569765391,2,26,"1.379681,0.773316"
26000,step_026000,0,13,0.983170815164542,0.9831888301276348,0.002825327970538,0.0028415708821481,2,28,"1.252081,0.811356"
26000,step_026000,0,14,0.9803338074925751,0.9800464424699804,0.0033015500190054,0.0033727240190979,2,30,"1.247000,0.662691"
26000,step_026000,1,0,0.9971106361599738,0.9972417822638106,0.0004847967626102,0.0004661803914948,2,2,"0.562287,0.385307"
26000,step_026000,1,1,0.995873279645374,0.996087330057072,0.0006923421017265,0.0006612961707733,2,4,"0.397821,0.359591"
26000,step_026000,1,2,0.9949686771285634,0.995067900934265,0.0008440792671274,0.000833589877575,2,6,"0.421480,0.356226"
26000,step_026000,1,3,0.9937082151192412,0.9936242402368276,0.0010556137629346,0.0010776127897065,2,8,"0.572787,0.284521"
26000,step_026000,1,4,0.9920529354491052,0.9918015815155306,0.0013335552077746,0.0013856843721665,2,10,"0.515534,0.353283"
26000,step_026000,1,5,0.9900704861719722,0.9895856067845276,0.0016664194630743,0.0017602740724082,2,12,"0.595133,0.362894"
26000,step_026000,1,6,0.9880605042557292,0.9873482795765036,0.002004041523595,0.0021384505045155,2,14,"0.470993,0.398740"
26000,step_026000,1,7,0.9856617055266366,0.9849734399065389,0.0024069793751232,0.002539916186374,2,16,"0.585288,0.265079"
26000,step_026000,1,8,0.9828316817823034,0.9820511793537176,0.0028816919933986,0.0030338395816005,2,18,"0.708595,0.337268"
26000,step_026000,1,9,0.979357799860344,0.9790370427160188,0.0034637864350606,0.0035432707184219,2,20,"0.607371,0.449178"
26000,step_026000,1,10,0.9746168435168908,0.9744220996834868,0.004258464424606,0.0043232232583333,2,22,"0.587765,0.434378"
26000,step_026000,1,11,0.9700594548294846,0.9700555213841392,0.0050229347249548,0.0050612600963209,2,24,"0.680838,0.443188"
26000,step_026000,1,12,0.9656451125861846,0.9664457298153104,0.0057622765368903,0.0056713390842408,2,26,"0.756436,0.503066"
26000,step_026000,1,13,0.9595764575415798,0.9590349784971928,0.0067793985620268,0.0069237962211519,2,28,"0.712878,0.588458"
26000,step_026000,1,14,0.9516914162262502,0.9524214019889412,0.0081013655147854,0.0080414525909791,2,30,"0.808835,0.474052"
26000,step_026000,2,0,0.9979884594913742,0.997868142988548,0.0003372601241516,0.0003603087432515,2,2,"0.381274,0.266607"
26000,step_026000,2,1,0.9963284516705838,0.9963434357726628,0.0006162251323944,0.0006180317137572,2,4,"0.317436,0.262592"
26000,step_026000,2,2,0.9950870870403828,0.995176821903084,0.0008245541096843,0.0008152156830308,2,6,"0.338181,0.312539"
26000,step_026000,2,3,0.993697189956778,0.9935955056741778,0.0010576964002151,0.001082465586792,2,8,"0.391687,0.236433"
26000,step_026000,2,4,0.9916797369591924,0.9915761459308275,0.001396454973795,0.001423804470382,2,10,"0.437820,0.283531"
26000,step_026000,2,5,0.9896665618263824,0.9892828145372872,0.0017340159376229,0.0018114154141988,2,12,"0.382348,0.273724"
26000,step_026000,2,6,0.9876292916579672,0.9871512273466352,0.0020757975425667,0.0021716896602472,2,14,"0.502520,0.281284"
26000,step_026000,2,7,0.9854537103004778,0.9848040627054204,0.0024410022129028,0.0025684433668735,2,16,"0.560121,0.293935"
26000,step_026000,2,8,0.982281982055336,0.981670657689482,0.0029730210855364,0.0030980279811755,2,18,"0.414615,0.314657"
26000,step_026000,2,9,0.9769131171109512,0.9758305675166032,0.003873185825941,0.004085130670614,2,20,"0.493233,0.394876"
26000,step_026000,2,10,0.9713445234136504,0.9697352922839312,0.0048054610797459,0.0051152175668997,2,22,"0.489780,0.379956"
26000,step_026000,2,11,0.9660632829114044,0.9646036373861104,0.0056912478058812,0.005982447214934,2,24,"0.471766,0.380687"
26000,step_026000,2,12,0.959890058719042,0.9590571226890026,0.0067275138855015,0.0069199316728723,2,26,"0.606972,0.364728"
26000,step_026000,2,13,0.9521026685937476,0.952919723553855,0.0080331493254526,0.0079571880476281,2,28,"0.512973,0.371781"
26000,step_026000,2,14,0.9438186535863768,0.9454420374434186,0.0094250669396354,0.0092211864928554,2,30,"0.514367,0.325982"
26000,step_026000,3,0,0.9981551001365336,0.9981168614301312,0.0003093034123085,0.0003182697170975,2,2,"0.280844,0.231987"
26000,step_026000,3,1,0.9969639389080772,0.996975375456655,0.000509120435075,0.0005111874345369,2,4,"0.303407,0.224312"
26000,step_026000,3,2,0.9957638572155502,0.9957333361075617,0.0007104197835858,0.0007211024912113,2,6,"0.307931,0.231395"
26000,step_026000,3,3,0.994483510469831,0.994425331563136,0.0009250566422018,0.0009421502156664,2,8,"0.242557,0.231162"
26000,step_026000,3,4,0.9929699509703396,0.9928897859103524,0.0011789962349996,0.0012016606563802,2,10,"0.267406,0.214648"
26000,step_026000,3,5,0.9915262364682929,0.9914087262001958,0.0014210609972243,0.0014519951555998,2,12,"0.372307,0.234650"
26000,step_026000,3,6,0.989556017151243,0.9892364704763726,0.0017518898741583,0.0018191977911971,2,14,"0.321225,0.247582"
26000,step_026000,3,7,0.9873031643464169,0.9870467991968852,0.0021297581806931,0.0021892784160285,2,16,"0.383225,0.242140"
26000,step_026000,3,8,0.9830488494317976,0.9826133154032812,0.0028443249730118,0.0029387239812044,2,18,"0.411257,0.275652"
26000,step_026000,3,9,0.9778079187001284,0.977425030069158,0.0037227561786424,0.0038155818792557,2,20,"0.485049,0.326727"
26000,step_026000,3,10,0.97269372797513,0.971928311394688,0.0045799770990647,0.0047445856690505,2,22,"0.503147,0.281984"
26000,step_026000,3,11,0.9666806936933052,0.9653604192715028,0.0055901753145063,0.0058547617921769,2,24,"0.527949,0.336350"
26000,step_026000,3,12,0.9598473539184288,0.9578416436681924,0.0067377881207649,0.0071256586421094,2,26,"0.586748,0.355484"
26000,step_026000,3,13,0.9482073022462506,0.9474968416310596,0.0086909978755594,0.0088740203516319,2,28,"0.575662,0.462898"
26000,step_026000,3,14,0.9377351283830808,0.9376733680752132,0.0104478213257839,0.0105342552525566,2,30,"0.492829,0.402983"
28000,step_028000,0,0,0.9969433590445878,0.9968682409542362,0.0005126699845037,0.0005292966626764,2,2,"1.937795,1.237040"
28000,step_028000,0,1,0.9956733307224196,0.9957903981558256,0.0007259337204632,0.0007114834844722,2,4,"1.160043,0.945491"
28000,step_028000,0,2,0.9950655350766446,0.9952300982465024,0.0008277604410483,0.0008061674527563,2,6,"1.051930,1.009790"
28000,step_028000,0,3,0.9943687366425388,0.9945499190268698,0.0009445230015028,0.0009211181252278,2,8,"0.929224,0.782303"
28000,step_028000,0,4,0.9937331798224812,0.9937656561967956,0.0010512401905835,0.0010536799046309,2,10,"0.927753,0.851266"
28000,step_028000,0,5,0.9930801717619238,0.9930704193950772,0.0011607401754821,0.0011711972263702,2,12,"0.955907,0.821842"
28000,step_028000,0,6,0.992485607647537,0.992402665449408,0.0012604085470777,0.0012840616881547,2,14,"0.838995,0.718911"
28000,step_028000,0,7,0.9919407202099988,0.991865557675946,0.0013517743242477,0.0013748331995283,2,16,"1.026071,0.626170"
28000,step_028000,0,8,0.9910418860297736,0.9910844370551136,0.001502930750256,0.0015068872879802,2,18,"1.312036,0.600699"
28000,step_028000,0,9,0.9897159506535989,0.9897344589631036,0.0017256512157534,0.0017350857854559,2,20,"1.021748,0.651752"
28000,step_028000,0,10,0.9883684003234352,0.9882897740592068,0.0019519276630402,0.0019792875352811,2,22,"1.139525,0.683685"
28000,step_028000,0,11,0.9866963312697656,0.9866846110339496,0.0022327830812011,0.0022506110929361,2,24,"1.347043,0.722317"
28000,step_028000,0,12,0.984600135877506,0.9846333046061008,0.0025849091158246,0.0025973589529064,2,26,"1.191942,0.681333"
28000,step_028000,0,13,0.98183090688697,0.9819035275838168,0.0030491979652854,0.0030587443778693,2,28,"1.285915,0.897866"
28000,step_028000,0,14,0.97892531930464,0.9785161712333732,0.0035371147180878,0.0036313003300622,2,30,"1.134496,0.758664"
28000,step_028000,1,0,0.9973234202292152,0.9973682339107494,0.0004490194057382,0.0004448069333383,2,2,"0.539105,0.375210"
28000,step_028000,1,1,0.9960599925095692,0.9961926989610748,0.0006610368386195,0.0006434873784219,2,4,"0.417357,0.368751"
28000,step_028000,1,2,0.9950808040107874,0.9950958869956408,0.0008251921734414,0.0008288545234838,2,6,"0.426711,0.343283"
28000,step_028000,1,3,0.9936755761104014,0.9936448434105908,0.0010609939185324,0.0010741169446342,2,8,"0.563863,0.330266"
28000,step_028000,1,4,0.9917180805981518,0.991278511445508,0.0013900123503646,0.0014741145272561,2,10,"0.533452,0.328196"
28000,step_028000,1,5,0.989454111054286,0.9888301820225726,0.0017703106964014,0.0018879773843427,2,12,"0.512603,0.387826"
28000,step_028000,1,6,0.98758392609415,0.9866610102285304,0.0020842982716327,0.0022546383402351,2,14,"0.542336,0.369791"
28000,step_028000,1,7,0.9854966261131528,0.9843799548039488,0.0024348889222571,0.0026402256725691,2,16,"0.581452,0.289754"
28000,step_028000,1,8,0.9829704663922748,0.9819244009539972,0.0028594505449445,0.0030553317731684,2,18,"0.624582,0.341444"
28000,step_028000,1,9,0.9794843090246196,0.9788651566420702,0.0034442956378531,0.0035724079294183,2,20,"0.651739,0.554721"
28000,step_028000,1,10,0.9753745966030336,0.9756205833356978,0.0041334344395291,0.004120749044264,2,22,"0.622884,0.450157"
28000,step_028000,1,11,0.9712818947671028,0.9715065078918088,0.0048191538448581,0.004816043387396,2,24,"0.602176,0.422156"
28000,step_028000,1,12,0.9662099135863852,0.9670482227340184,0.005668849936462,0.0055694515691941,2,26,"0.634395,0.513899"
28000,step_028000,1,13,0.9590381989355286,0.959633680516824,0.0068698676905901,0.0068223695947205,2,28,"0.707316,0.653463"
28000,step_028000,1,14,0.9482621157427262,0.9489752476501284,0.0086759778233331,0.0086236489564561,2,30,"0.724049,0.608713"
28000,step_028000,2,0,0.9981224224964244,0.9980072060634732,0.0003147528522255,0.0003368027540396,2,2,"0.380064,0.269441"
28000,step_028000,2,1,0.996632610126188,0.9965643478184804,0.000565008862222,0.0005806766937064,2,4,"0.336308,0.258109"
28000,step_028000,2,2,0.9951332808678732,0.9951327599735512,0.0008167124673041,0.0008226574341629,2,6,"0.326104,0.297838"
28000,step_028000,2,3,0.9935256263829508,0.99340374801481,0.0010863818519231,0.0011148748622711,2,8,"0.405517,0.265466"
28000,step_028000,2,4,0.991710354989169,0.9913644291522866,0.0013910202961401,0.001459573259578,2,10,"0.417849,0.293244"
28000,step_028000,2,5,0.9898417504345726,0.9892204857767928,0.0017045930611301,0.0018219540753228,2,12,"0.396626,0.338423"
28000,step_028000,2,6,0.9871036508385064,0.9864128183763844,0.0021638910772463,0.0022964924535907,2,14,"0.458866,0.324921"
28000,step_028000,2,7,0.9841757722825054,0.9835911780006862,0.0026559369083382,0.0027734579188566,2,16,"0.457746,0.290854"
28000,step_028000,2,8,0.9812156645245534,0.980621316782156,0.0031528061448086,0.0032754546848343,2,18,"0.528450,0.332513"
28000,step_028000,2,9,0.9771433025438216,0.9762892428753644,0.003835258552294,0.0040076153234244,2,20,"0.475497,0.343073"
28000,step_028000,2,10,0.9705343400399432,0.9695333603091209,0.0049424464774388,0.0051493622263501,2,22,"0.570176,0.445645"
28000,step_028000,2,11,0.9649342221833342,0.9637858545641296,0.0058820455549871,0.0061207928202005,2,24,"0.471726,0.352329"
28000,step_028000,2,12,0.9591446824567564,0.9588212167363608,0.0068536799366431,0.0069599059634054,2,26,"0.459200,0.345713"
28000,step_028000,2,13,0.9520427604958032,0.9534456782254722,0.0080444949970967,0.0078683625467025,2,28,"0.497477,0.352269"
28000,step_028000,2,14,0.94373226752771,0.944754022562308,0.009439380814303,0.0093373745654926,2,30,"0.553959,0.360134"
28000,step_028000,3,0,0.9982905351635316,0.9982811479932772,0.0002864721384371,0.0002904932777525,2,2,"0.253399,0.236653"
28000,step_028000,3,1,0.9969250581962892,0.9968308882612442,0.0005155688426156,0.0005355930696622,2,4,"0.310440,0.205964"
28000,step_028000,3,2,0.9953928107614864,0.9953190805724792,0.0007726156107582,0.0007911072181577,2,6,"0.319051,0.233635"
28000,step_028000,3,3,0.9942492398352484,0.9942172150550168,0.0009642549475652,0.000977305713924,2,8,"0.270882,0.233068"
28000,step_028000,3,4,0.9928477842407278,0.9925640078540948,0.0011990051004983,0.001256684068252,2,10,"0.284338,0.212714"
28000,step_028000,3,5,0.9909944381211818,0.9908554854933052,0.001509627474636,0.0015454557354929,2,12,"0.359924,0.248146"
28000,step_028000,3,6,0.9886119621832004,0.988230101622996,0.0019095534315322,0.0019892205638275,2,14,"0.371829,0.319976"
28000,step_028000,3,7,0.9855557663831824,0.9852366663939768,0.0024217831857903,0.0024951487483988,2,16,"0.353559,0.271950"
28000,step_028000,3,8,0.9820507288250896,0.9818145921131144,0.0030100882708641,0.0030735295478033,2,18,"0.495434,0.312301"
28000,step_028000,3,9,0.9767804187787732,0.9766147096684428,0.0038945963333389,0.003952444621649,2,20,"0.472231,0.284642"
28000,step_028000,3,10,0.9719379676485664,0.9714431825484824,0.0047060639000846,0.0048264495656302,2,22,"0.466428,0.302637"
28000,step_028000,3,11,0.9638893545009988,0.9631488224688004,0.0060574570262075,0.0062284358777348,2,24,"0.436405,0.324447"
28000,step_028000,3,12,0.9555301785070464,0.9538769813825526,0.0074613012907992,0.0077956241936905,2,26,"0.475536,0.390183"
28000,step_028000,3,13,0.948235428922406,0.9469322575182938,0.0086846081668584,0.00896924735576,2,28,"0.515191,0.388808"
28000,step_028000,3,14,0.9409210348173582,0.9413909723639076,0.009910216907547,0.0099057086440227,2,30,"0.484784,0.401633"
30000,step_030000,0,0,0.9970497141754394,0.9969823067211496,0.0004948483940259,0.0005100138829013,2,2,"1.935208,1.230833"
30000,step_030000,0,1,0.9960175351859618,0.9961149384174508,0.0006680507135259,0.0006566126586864,2,4,"1.401773,1.090292"
30000,step_030000,0,2,0.995232099515706,0.995327755023286,0.0007996740182917,0.0007896459059369,2,6,"1.014132,0.914159"
30000,step_030000,0,3,0.994452191181728,0.99445635756415,0.0009305379351256,0.0009369329475937,2,8,"0.995565,0.830012"
30000,step_030000,0,4,0.993930447470532,0.9939734874927256,0.0010180553297776,0.0010185480270742,2,10,"0.942752,0.789982"
30000,step_030000,0,5,0.99328919402824,0.9932368487894188,0.0011256635097116,0.0011430619499955,2,12,"1.012359,0.644661"
30000,step_030000,0,6,0.9928009345727712,0.9927279964164978,0.0012074112195297,0.0012290640053611,2,14,"0.953316,0.621357"
30000,step_030000,0,7,0.9921049666260552,0.9920261415594402,0.0013242385612452,0.0013476919253415,2,16,"1.231450,0.745910"
30000,step_030000,0,8,0.9911165478021284,0.9911262661841556,0.0014902878284937,0.001499807551529,2,18,"1.141366,0.681776"
30000,step_030000,0,9,0.9901696913785464,0.9902582967408432,0.0016494572708359,0.0016465405570704,2,20,"1.106036,0.657518"
30000,step_030000,0,10,0.9890013801040576,0.9889131658180134,0.0018455712800079,0.0018738997989136,2,22,"1.169505,0.650576"
30000,step_030000,0,11,0.9873457672522826,0.9870294556411694,0.0021238226485832,0.0021923225928363,2,24,"1.133525,0.716948"
30000,step_030000,0,12,0.9854120975568416,0.9844581361438708,0.0024487930181417,0.0026270256459931,2,26,"1.387724,0.663848"
30000,step_030000,0,13,0.9829816085126056,0.9825322223336264,0.0028571604666954,0.0029525838245295,2,28,"1.342011,0.919669"
30000,step_030000,0,14,0.9805294567163444,0.9800949292482352,0.0032684702371476,0.0033645140669209,2,30,"1.168394,0.791213"
30000,step_030000,1,0,0.9974725921990072,0.9975471521176016,0.0004240014861818,0.0004145654591999,2,2,"0.558818,0.404961"
30000,step_030000,1,1,0.9963108652099604,0.9964483177360542,0.0006189312821535,0.000600284882871,2,4,"0.445093,0.363267"
30000,step_030000,1,2,0.9952814557181204,0.9953030053043492,0.0007913111680863,0.0007938222019728,2,6,"0.431487,0.353918"
30000,step_030000,1,3,0.9940849226802831,0.9939141888266289,0.0009920002998196,0.0010285578334713,2,8,"0.498545,0.321420"
30000,step_030000,1,4,0.9922828200310996,0.9917631963128412,0.0012945277745973,0.0013921301310191,2,10,"0.600548,0.396137"
30000,step_030000,1,5,0.9902406770369008,0.9895795219216784,0.0016375733977006,0.0017612687678683,2,12,"0.546894,0.378146"
30000,step_030000,1,6,0.9880569519261404,0.987214701890522,0.0020044736823098,0.0021610279643152,2,14,"0.514189,0.354266"
30000,step_030000,1,7,0.9860698002393607,0.9851032992953384,0.0023381748228043,0.0025179473093365,2,16,"0.557779,0.279777"
30000,step_030000,1,8,0.9833473173665364,0.9822030825112807,0.0027952899059976,0.0030081908318725,2,18,"0.559596,0.400756"
30000,step_030000,1,9,0.9799465867797436,0.9787949274441152,0.003365476189715,0.003584212872333,2,20,"0.659423,0.480297"
30000,step_030000,1,10,0.9765873950221672,0.9759484724841492,0.0039280591446384,0.0040652231375565,2,22,"0.581434,0.458501"
30000,step_030000,1,11,0.973128944327594,0.9732457649144414,0.0045079570586801,0.0045220170158913,2,24,"0.583198,0.382559"
30000,step_030000,1,12,0.9681971727926884,0.968355850175692,0.005333693275575,0.0053484390145564,2,26,"0.655538,0.474332"
30000,step_030000,1,13,0.9612378567870178,0.9607872612221784,0.0064981307136586,0.0066273880552152,2,28,"0.588708,0.436786"
30000,step_030000,1,14,0.9533954783935138,0.9541524964890732,0.0078143060805882,0.0077487006818125,2,30,"0.705789,0.447426"
30000,step_030000,2,0,0.9981746240097432,0.9980874614703208,0.0003060961871842,0.0003232442306921,2,2,"0.365358,0.282486"
30000,step_030000,2,1,0.9966448897529986,0.9966155550647174,0.0005630205292376,0.0005720288668236,2,4,"0.343240,0.301963"
30000,step_030000,2,2,0.9951589627545264,0.995121533490488,0.000812438976724,0.0008245481204761,2,6,"0.353173,0.263036"
30000,step_030000,2,3,0.9936079998406768,0.9934013930843564,0.0010724330348525,0.0011152569946697,2,8,"0.367910,0.267834"
30000,step_030000,2,4,0.991211132476518,0.9907352339497842,0.0014747823899691,0.0015659150871143,2,10,"0.476206,0.324363"
30000,step_030000,2,5,0.9892828953405424,0.9884966529975512,0.0017984243762318,0.0019443152597506,2,12,"0.391030,0.321834"
30000,step_030000,2,6,0.9867323908138652,0.9855561905652946,0.0022266512705331,0.0024413367793458,2,14,"0.414609,0.315792"
30000,step_030000,2,7,0.98371127910483,0.9827390681589756,0.0027341860734266,0.0029175541500851,2,16,"0.414896,0.284656"
30000,step_030000,2,8,0.981137376078161,0.9802109098162316,0.0031656517586773,0.0033448369774195,2,18,"0.411949,0.316884"
30000,step_030000,2,9,0.9774872029703529,0.9761752119599516,0.0037775926510606,0.0040269264323518,2,20,"0.480814,0.365755"
30000,step_030000,2,10,0.97274489533346,0.9718212286359796,0.0045725158896319,0.0047627625066106,2,22,"0.482909,0.445014"
30000,step_030000,2,11,0.9672479807504106,0.9666476424016754,0.0054935502647727,0.005637062215452,2,24,"0.386837,0.307870"
30000,step_030000,2,12,0.961095213586052,0.9608717748342508,0.0065251105627571,0.0066132098980341,2,26,"0.502461,0.403966"
30000,step_030000,2,13,0.9525643097676068,0.953345891826734,0.0079569983565103,0.0078852239816916,2,28,"0.555539,0.381693"
30000,step_030000,2,14,0.9465914455721348,0.9473826775507828,0.0089605334754127,0.0088931742672089,2,30,"0.461773,0.290762"
30000,step_030000,3,0,0.9984499894705816,0.9984305049435112,0.0002598376309299,0.0002652583708721,2,2,"0.267760,0.231935"
30000,step_030000,3,1,0.9971950123432426,0.9971301586379794,0.000470260338983,0.0004850133850744,2,4,"0.315749,0.233292"
30000,step_030000,3,2,0.9959222632006112,0.9958996683858332,0.0006836732006931,0.0006929705102972,2,6,"0.338092,0.239382"
30000,step_030000,3,3,0.9943386410229988,0.9942447940760284,0.0009489427930395,0.0009726237024055,2,8,"0.279981,0.244782"
30000,step_030000,3,4,0.9932050163234796,0.9929224071839432,0.0011389267066213,0.0011961087701036,2,10,"0.283388,0.205766"
30000,step_030000,3,5,0.9915920190639056,0.9912092144159445,0.0014095356032409,0.0014856930903039,2,12,"0.292057,0.240224"
30000,step_030000,3,6,0.9892662207930352,0.988739019939132,0.0017995031340635,0.0019031912343213,2,14,"0.336246,0.298519"
30000,step_030000,3,7,0.9867708283305392,0.9858975449082816,0.0022178909420614,0.0023834512639184,2,16,"0.382088,0.296448"
30000,step_030000,3,8,0.9834156620776376,0.9828622193882398,0.0027807526374263,0.0028964782891717,2,18,"0.363542,0.292273"
30000,step_030000,3,9,0.9782091001525756,0.977848229733578,0.0036542503175784,0.0037439413074497,2,20,"0.402938,0.292690"
30000,step_030000,3,10,0.9733148291731122,0.9728106055688251,0.0044751786767995,0.0045954007815688,2,22,"0.430837,0.292085"
30000,step_030000,3,11,0.9688458906804512,0.9679319269751152,0.0052248634961298,0.0054200419980775,2,24,"0.422437,0.335381"
30000,step_030000,3,12,0.9612615495538328,0.9599174851204788,0.0064980631618174,0.0067746537541296,2,26,"0.490048,0.340281"
30000,step_030000,3,13,0.9521237655684844,0.950593331829532,0.0080322328799636,0.0083506394261763,2,28,"0.559256,0.387702"
30000,step_030000,3,14,0.9427874068945028,0.9424415932577282,0.0095974581227081,0.0097281833719124,2,30,"0.532666,0.432589"
32000,step_032000,0,0,0.9970730484149138,0.9971645460012364,0.000491091472888,0.0004792270731608,2,2,"1.843067,1.146358"
32000,step_032000,0,1,0.9960248566132788,0.9962087057779804,0.0006668759976698,0.0006407715094157,2,4,"1.263994,1.031277"
32000,step_032000,0,2,0.995396200005994,0.9955935987144964,0.000772276834658,0.0007447259657827,2,6,"1.052891,1.002343"
32000,step_032000,0,3,0.9948101206625244,0.9949204875331178,0.0008705609508513,0.0008584923442917,2,8,"1.010942,0.854435"
32000,step_032000,0,4,0.994236530480475,0.9942827144713212,0.0009668210163104,0.0009662884608584,2,10,"0.897496,0.750769"
32000,step_032000,0,5,0.9938037301932492,0.9937393670454508,0.001039389990533,0.0010581268923999,2,12,"0.919212,0.569916"
32000,step_032000,0,6,0.9932528116301796,0.9932325843946316,0.0011316989555664,0.0011437855103202,2,14,"0.777628,0.714360"
32000,step_032000,0,7,0.9924048026711364,0.9924647735698748,0.0012740473084765,0.0012735585021756,2,16,"1.102975,0.718566"
32000,step_032000,0,8,0.9916239441239068,0.991558588643279,0.0014051374126402,0.0014267384976977,2,18,"1.235805,0.624022"
32000,step_032000,0,9,0.9907520921327924,0.9909246949220768,0.0015516327263737,0.0015338873863387,2,20,"0.985115,0.643549"
32000,step_032000,0,10,0.9897151849897634,0.9897441419834044,0.0017258728037114,0.0017334457026294,2,22,"1.190445,0.669463"
32000,step_032000,0,11,0.9880617993987674,0.9881015257986504,0.0020035530734574,0.0020111193545951,2,24,"0.999653,0.708577"
32000,step_032000,0,12,0.9866398040984304,0.9867437184023342,0.0022425214475844,0.0022406500899975,2,26,"1.488159,0.687495"
32000,step_032000,0,13,0.9842392762136596,0.984075276993118,0.0026459015950804,0.0026917440443532,2,28,"1.255556,0.856672"
32000,step_032000,0,14,0.9813143652846034,0.9812213945440034,0.0031369791780351,0.0031741248634937,2,30,"1.068670,0.887225"
32000,step_032000,1,0,0.997447353008502,0.9975811606185592,0.0004283371753713,0.000408828161181,2,2,"0.493213,0.345246"
32000,step_032000,1,1,0.9963264281875522,0.9964799324199224,0.0006164388607004,0.0005949546657386,2,4,"0.444509,0.353558"
32000,step_032000,1,2,0.9950810369905856,0.995000716117042,0.0008252639883979,0.0008449554134271,2,6,"0.477440,0.314243"
32000,step_032000,1,3,0.994007847627738,0.9939214871309108,0.00100544773384,0.0010273835584344,2,8,"0.552902,0.300492"
32000,step_032000,1,4,0.9923408344986898,0.9921274087988412,0.0012854686188347,0.0013306441328101,2,10,"0.676381,0.349387"
32000,step_032000,1,5,0.9904987556161612,0.990193713536248,0.0015945683033916,0.0016574836251272,2,12,"0.553074,0.347546"
32000,step_032000,1,6,0.9885279929640368,0.987912642743128,0.0019255783282243,0.0020430727201115,2,14,"0.560054,0.316729"
32000,step_032000,1,7,0.9864184778730356,0.9858582181031932,0.002279968889094,0.0023903652387832,2,16,"0.528015,0.326178"
32000,step_032000,1,8,0.9827683945387076,0.9820628981931656,0.002892387307281,0.0030318617780359,2,18,"0.681085,0.348782"
32000,step_032000,1,9,0.9794340597273256,0.9782751034092309,0.0034515932367537,0.0036721200191248,2,20,"0.566144,0.483253"
32000,step_032000,1,10,0.9759630570825304,0.975734585516637,0.0040335129393483,0.0041014436600483,2,22,"0.613727,0.444232"
32000,step_032000,1,11,0.9711425606195058,0.9709331386965848,0.0048411094938739,0.0049129327808883,2,24,"0.665477,0.409222"
32000,step_032000,1,12,0.9649759261339348,0.9649391308122636,0.0058750541155263,0.0059260421555034,2,26,"0.652926,0.502068"
32000,step_032000,1,13,0.9592451123004752,0.9602440538026884,0.0068359946222619,0.0067195256985223,2,28,"0.613897,0.537695"
32000,step_032000,1,14,0.9521983235818242,0.952773886824357,0.0080181437282566,0.0079820108061148,2,30,"0.675461,0.427306"
32000,step_032000,2,0,0.9982762965398084,0.9982435664043257,0.0002890202680012,0.00029685621241,2,2,"0.354906,0.267484"
32000,step_032000,2,1,0.9968890410411584,0.9969423287860696,0.0005219037770676,0.0005167854117725,2,4,"0.351435,0.262336"
32000,step_032000,2,2,0.9956560079339258,0.9956636148251392,0.0007289243226523,0.0007329178675041,2,6,"0.363057,0.245983"
32000,step_032000,2,3,0.9942273230384856,0.9940979524472682,0.0009687379779369,0.0009975513881976,2,8,"0.365571,0.256155"
32000,step_032000,2,4,0.9923625535431604,0.9922754621543768,0.0012815076663019,0.0013055727298179,2,10,"0.430711,0.301782"
32000,step_032000,2,5,0.9901525143918656,0.9895880197349296,0.0016526123411677,0.0017598449321579,2,12,"0.344059,0.312757"
32000,step_032000,2,6,0.9878865733326744,0.9872408563946058,0.0020326844502716,0.0021565498592831,2,14,"0.473292,0.263242"
32000,step_032000,2,7,0.9844585165203538,0.983960776198528,0.0026088761919305,0.0027110457438048,2,16,"0.477383,0.276649"
32000,step_032000,2,8,0.9811617977584084,0.9798999239735844,0.003161786453381,0.0033974270250141,2,18,"0.446162,0.377141"
32000,step_032000,2,9,0.9765020665904224,0.975450336049427,0.0039425784874898,0.0041494417420321,2,20,"0.572817,0.392792"
32000,step_032000,2,10,0.9705328626115364,0.969322632189552,0.0049428504350563,0.005185059304687,2,22,"0.439603,0.393313"
32000,step_032000,2,11,0.964514748033088,0.9644144231227472,0.005952493229884,0.0060146011344493,2,24,"0.474805,0.362357"
32000,step_032000,2,12,0.9600445395688056,0.9593865381717038,0.0067024903664724,0.0068643433400123,2,26,"0.462730,0.401573"
32000,step_032000,2,13,0.9518762471709112,0.951437756974098,0.0080739302154983,0.0082078695540757,2,28,"0.471316,0.408017"
32000,step_032000,2,14,0.945080928031014,0.9456288408992526,0.0092146989435993,0.0091897245909905,2,30,"0.501747,0.255950"
32000,step_032000,3,0,0.9984460359290276,0.9984732508640588,0.0002605391517984,0.0002580329656814,2,2,"0.256394,0.234820"
32000,step_032000,3,1,0.9973793030651136,0.9973652179837568,0.0004395799700487,0.0004453093704275,2,4,"0.322818,0.211165"
32000,step_032000,3,2,0.9962171819741572,0.9961431049504248,0.0006344174047318,0.0006518490318129,2,6,"0.294668,0.227187"
32000,step_032000,3,3,0.994901543674074,0.9949713703268056,0.0008550558312921,0.0008498657076318,2,8,"0.273536,0.242967"
32000,step_032000,3,4,0.9934589698168568,0.9932914581092565,0.0010969844579255,0.0011337939790104,2,10,"0.276374,0.218707"
32000,step_032000,3,5,0.9918214853490512,0.9914003558890482,0.0013719839740047,0.0014534484416506,2,12,"0.288694,0.222807"
32000,step_032000,3,6,0.9901481751302575,0.98986668026169,0.0016525759147614,0.0017126666624079,2,14,"0.375402,0.232420"
32000,step_032000,3,7,0.9868412334744068,0.9862775118436724,0.0022074955614197,0.0023193459838106,2,16,"0.433835,0.271541"
32000,step_032000,3,8,0.9828479306700336,0.9824051630122156,0.0028779118029365,0.002973904218284,2,18,"0.473374,0.324655"
32000,step_032000,3,9,0.9779822335961614,0.9777781113678377,0.0036943670124157,0.0037559951082576,2,20,"0.427053,0.265720"
32000,step_032000,3,10,0.971847815845402,0.9715241554927136,0.0047235414586458,0.004813047725762,2,22,"0.520721,0.309510"
32000,step_032000,3,11,0.9649903347852026,0.9634688674381944,0.0058744921009221,0.0061745988759473,2,24,"0.509583,0.374790"
32000,step_032000,3,12,0.958172563094835,0.9566175359771654,0.0070188937953358,0.0073325426395579,2,26,"0.459768,0.373222"
32000,step_032000,3,13,0.9491571186094856,0.9484143880162846,0.0085332490046964,0.0087190213675025,2,28,"0.486721,0.328101"
32000,step_032000,3,14,0.9391033078415986,0.9390626680354036,0.0102191515605608,0.0102995448467652,2,30,"0.548029,0.378729"
34000,step_034000,0,0,0.9972233423592276,0.9972229135886602,0.0004657994313898,0.0004693561547511,2,2,"1.958170,1.193973"
34000,step_034000,0,1,0.9961788748915436,0.9963382387459268,0.0006411052302549,0.0006188814881746,2,4,"1.165951,1.031024"
34000,step_034000,0,2,0.9955515799418084,0.9957229333268764,0.000746241767168,0.0007228705803049,2,6,"1.027308,0.903973"
34000,step_034000,0,3,0.9950078190544416,0.9952154096330932,0.0008373362151819,0.0008086399960581,2,8,"1.180987,0.720928"
34000,step_034000,0,4,0.9945004041047568,0.9946595679447082,0.0009225043110805,0.00090259075615,2,10,"0.880171,0.737443"
34000,step_034000,0,5,0.9939093335921746,0.9940723268419142,0.0010215548082609,0.0010018447862831,2,12,"1.077989,0.680828"
34000,step_034000,0,6,0.9933435217414058,0.99328648958201,0.0011165124032853,0.0011346755903169,2,14,"0.793043,0.652721"
34000,step_034000,0,7,0.9928407296950548,0.9929223864891594,0.0012008314975453,0.0011962081017658,2,16,"0.872326,0.745922"
34000,step_034000,0,8,0.9919699621796272,0.9921670510295558,0.0013468382019783,0.0013238769980289,2,18,"1.049605,0.721607"
34000,step_034000,0,9,0.9914125781757152,0.991692240809248,0.0014403240382985,0.0014041214596006,2,20,"0.901385,0.579184"
34000,step_034000,0,10,0.9905527168438508,0.9909021916328676,0.0015846487117542,0.0015376613015184,2,22,"0.885116,0.664293"
34000,step_034000,0,11,0.9892299107237726,0.9895239079779592,0.0018067569598798,0.0017706492981827,2,24,"1.075906,0.609550"
34000,step_034000,0,12,0.9878675212507684,0.987914935110982,0.0020353400624247,0.0020425984413771,2,26,"1.129974,0.795352"
34000,step_034000,0,13,0.9858122848236484,0.985594354423652,0.0023806268900946,0.0024348803924457,2,28,"1.221307,0.793846"
34000,step_034000,0,14,0.9834648371457048,0.9836721532546764,0.0027744116619431,0.0027597494504141,2,30,"1.282417,0.917655"
34000,step_034000,1,0,0.9974453859965938,0.9975323092381192,0.0004286405408891,0.000417082038923,2,2,"0.524598,0.364671"
34000,step_034000,1,1,0.9963019918572148,0.996486742027764,0.0006205463540941,0.0005938057587923,2,4,"0.360527,0.342957"
34000,step_034000,1,2,0.9953124185421474,0.9953817681136576,0.0007864847917351,0.0007805530527237,2,6,"0.482970,0.325296"
34000,step_034000,1,3,0.9942137031717424,0.9941323852124272,0.0009708295902296,0.0009917338184815,2,8,"0.441065,0.307541"
34000,step_034000,1,4,0.9924407352655878,0.9923396743155052,0.0012688204026134,0.001294780404425,2,10,"0.512365,0.370642"
34000,step_034000,1,5,0.9905687546245722,0.990254893269161,0.001583124223887,0.0016471732312949,2,12,"0.508268,0.368285"
34000,step_034000,1,6,0.9887228540032844,0.9882107959470272,0.0018929133937565,0.0019926850282007,2,14,"0.547694,0.363333"
34000,step_034000,1,7,0.9866235011585216,0.986063452437488,0.0022456163567948,0.0023556890035902,2,16,"0.524818,0.301141"
34000,step_034000,1,8,0.984134878552852,0.9830342369860424,0.0026637312118084,0.002867771181118,2,18,"0.643923,0.304316"
34000,step_034000,1,9,0.980905378167345,0.9800718469381016,0.0032058921263309,0.003368510842151,2,20,"0.600810,0.462084"
34000,step_034000,1,10,0.9769592560171488,0.976998746507339,0.0038679323553914,0.0038879047719274,2,22,"0.687789,0.440974"
34000,step_034000,1,11,0.9729537255055684,0.9727552980212184,0.0045392433513303,0.0046050873020773,2,24,"0.658803,0.418405"
34000,step_034000,1,12,0.9685817249419528,0.9688833434172462,0.0052721150816736,0.0052595060627578,2,26,"0.612376,0.499250"
34000,step_034000,1,13,0.9638940005377916,0.9641616045067046,0.0060576747779411,0.0060575420506824,2,28,"0.572102,0.494386"
34000,step_034000,1,14,0.956496422791327,0.9574833786272025,0.0072980534208426,0.0071860740397113,2,30,"0.737697,0.469220"
34000,step_034000,2,0,0.9982805027660672,0.9982234796812128,0.0002883456532306,0.0003002561365653,2,2,"0.361986,0.259100"
34000,step_034000,2,1,0.9968715371580888,0.9969043436594252,0.0005249755361203,0.0005232228205131,2,4,"0.314493,0.267577"
34000,step_034000,2,2,0.995578757397422,0.9957216782681982,0.0007421068845683,0.0007231293492772,2,6,"0.323711,0.246805"
34000,step_034000,2,3,0.9941953824859352,0.9940698636287156,0.0009742373095756,0.0010023242716375,2,8,"0.366066,0.260775"
34000,step_034000,2,4,0.9925551342216968,0.9923568389594596,0.0012495901151077,0.0012918634847321,2,10,"0.395278,0.273505"
34000,step_034000,2,5,0.9909690965372157,0.990467587500036,0.0015158587654579,0.0016112091852861,2,12,"0.385516,0.299231"
34000,step_034000,2,6,0.9888526819862196,0.988409970240126,0.0018706663188957,0.0019589648806807,2,14,"0.389515,0.269103"
34000,step_034000,2,7,0.9866317909390336,0.9863769155253336,0.0022432432624586,0.0023025800365477,2,16,"0.467465,0.270570"
34000,step_034000,2,8,0.9830997468496164,0.9823824983190208,0.0028363952756781,0.0029777735941312,2,18,"0.464167,0.359889"
34000,step_034000,2,9,0.9786119225542156,0.9778668629073052,0.0035876139164867,0.0037409064303094,2,20,"0.489639,0.361495"
34000,step_034000,2,10,0.9731732193200014,0.9721395418465344,0.0044988065902523,0.0047088833596232,2,22,"0.441987,0.393478"
34000,step_034000,2,11,0.96853242723091,0.9674432905803064,0.005276968196798,0.0055025927175116,2,24,"0.496435,0.356104"
34000,step_034000,2,12,0.962197227647044,0.9607579675969228,0.0063409648108919,0.0066326084303571,2,26,"0.477475,0.402908"
34000,step_034000,2,13,0.9556692465787672,0.9558604966000276,0.0074366999850474,0.0074603496382629,2,28,"0.503955,0.324736"
34000,step_034000,2,14,0.9493993531844784,0.9500041446499862,0.0084892682463071,0.0084501778523346,2,30,"0.495598,0.303949"
34000,step_034000,3,0,0.9984877941900212,0.9984925584784208,0.0002535063517126,0.0002547736344376,2,2,"0.266149,0.224023"
34000,step_034000,3,1,0.997411611943065,0.9974609741260836,0.0004340607207485,0.0004291154715513,2,4,"0.335933,0.201989"
34000,step_034000,3,2,0.9963449106206976,0.9964144661020834,0.0006128530815063,0.0006059756659131,2,6,"0.268772,0.227273"
34000,step_034000,3,3,0.9950121072644492,0.9949648649228152,0.0008361806565901,0.0008509473015161,2,8,"0.286861,0.209683"
34000,step_034000,3,4,0.9939653905471324,0.9938207732127096,0.0010117709091059,0.0010443073676935,2,10,"0.244561,0.212330"
34000,step_034000,3,5,0.9925391778981448,0.9925053163873891,0.0012509028751981,0.0012666491603472,2,12,"0.286031,0.222082"
34000,step_034000,3,6,0.990580895501371,0.9903768643845022,0.0015795727083523,0.0016264251875323,2,14,"0.359772,0.261581"
34000,step_034000,3,7,0.9878760324856388,0.9872167063651158,0.0020334816265758,0.0021605899918522,2,16,"0.363302,0.271382"
34000,step_034000,3,8,0.9847296618642396,0.9842866793274236,0.002561641209267,0.0026558520850128,2,18,"0.439538,0.285611"
34000,step_034000,3,9,0.9807220289530753,0.980531338670646,0.0032334702165965,0.0032905611685125,2,20,"0.445869,0.287033"
34000,step_034000,3,10,0.9749587801567708,0.9743438173947038,0.0042005591141059,0.0043363992634001,2,22,"0.462355,0.275549"
34000,step_034000,3,11,0.970161183805644,0.96941729631479,0.0050060128837558,0.0051690910752414,2,24,"0.511298,0.329346"
34000,step_034000,3,12,0.963901680236623,0.961873775118396,0.0060563912519071,0.0064441069292707,2,26,"0.544294,0.324746"
34000,step_034000,3,13,0.9533513449020378,0.9525609436710156,0.0078283891703266,0.008018173594257,2,28,"0.492695,0.412283"
34000,step_034000,3,14,0.9425841316739308,0.9424898134564138,0.009634156891842,0.0097202354986533,2,30,"0.461108,0.425641"
36000,step_036000,0,0,0.997300179372224,0.997297722513576,0.000452943011769,0.0004567162557124,2,2,"1.869696,1.230257"
36000,step_036000,0,1,0.9963405061946988,0.996500408037408,0.0006140380364314,0.0005914789003813,2,4,"1.238235,1.060865"
36000,step_036000,0,2,0.9956685093223232,0.9958130352304918,0.0007266545201192,0.0007076455399207,2,6,"0.959967,0.926532"
36000,step_036000,0,3,0.9950077223322372,0.995124773859659,0.0008374454394047,0.0008239756518831,2,8,"0.963238,0.840019"
36000,step_036000,0,4,0.9945270609045894,0.994596743774998,0.0009180900472915,0.0009132189810512,2,10,"0.953670,0.669759"
36000,step_036000,0,5,0.9938902943666816,0.9938816297263994,0.0010249527283797,0.0010340966976389,2,12,"0.886051,0.639915"
36000,step_036000,0,6,0.9934215152698704,0.9934052392580864,0.0011035235815186,0.001114609449865,2,14,"0.915156,0.613125"
36000,step_036000,0,7,0.9929439129725548,0.9928956596502556,0.0011836799650897,0.0012007470698171,2,16,"0.916050,0.761604"
36000,step_036000,0,8,0.9919722494490304,0.9920882257881832,0.0013466519521115,0.0013372120028057,2,18,"1.057944,0.575030"
36000,step_036000,0,9,0.9913164199388717,0.9914840688498646,0.0014567395526674,0.0014393218360744,2,20,"1.044041,0.561590"
36000,step_036000,0,10,0.9904188221894475,0.99047528482153,0.0016074661428539,0.0016098467116126,2,22,"0.947859,0.616474"
36000,step_036000,0,11,0.988929346566897,0.989054032291234,0.0018575458840717,0.0018500822369839,2,24,"1.273880,0.777060"
36000,step_036000,0,12,0.9874529064979468,0.98758151131943,0.0021053019322161,0.0020989937106796,2,26,"1.077586,0.781499"
36000,step_036000,0,13,0.985064956381942,0.9849307636948356,0.0025066987468977,0.0025470779181444,2,28,"1.362694,0.714102"
36000,step_036000,0,14,0.9826580476045912,0.9828146117591108,0.0029106015101219,0.0029047530655907,2,30,"1.347998,0.980293"
36000,step_036000,1,0,0.9976535437317916,0.9977185961045484,0.0003936705750743,0.0003855950403149,2,2,"0.537222,0.369750"
36000,step_036000,1,1,0.9965135246214716,0.9966651769375828,0.0005850487652431,0.0005636466234759,2,4,"0.398797,0.323712"
36000,step_036000,1,2,0.9956207824060124,0.9957616434060946,0.0007347599878724,0.0007163435618542,2,6,"0.416573,0.336255"
36000,step_036000,1,3,0.9944465320815742,0.9944189494386227,0.0009318196959741,0.0009432922683903,2,8,"0.508977,0.332868"
36000,step_036000,1,4,0.992917301166994,0.9927210859710308,0.0011887905225207,0.0012302968790978,2,10,"0.591641,0.324291"
36000,step_036000,1,5,0.9904569695242266,0.9900016072946322,0.0016021489778097,0.0016899965262341,2,12,"0.562386,0.361754"
36000,step_036000,1,6,0.988728841509662,0.9882261191519924,0.0018923926870705,0.0019901164616599,2,14,"0.547729,0.315456"
36000,step_036000,1,7,0.9864439215255824,0.9861987298192002,0.0022762312519924,0.0023328361265679,2,16,"0.537544,0.335336"
36000,step_036000,1,8,0.9844116528602624,0.983212958967552,0.002617753941441,0.0028375953806086,2,18,"0.589886,0.305269"
36000,step_036000,1,9,0.9802159854351516,0.9794440256223526,0.0033222984372496,0.0034746794771639,2,20,"0.689662,0.383242"
36000,step_036000,1,10,0.9767185446540694,0.9763377112648052,0.0039083864961013,0.0039996673291623,2,22,"0.654327,0.460250"
36000,step_036000,1,11,0.9718473320223318,0.971692465310965,0.0047258411901387,0.0047848351951017,2,24,"0.622609,0.373296"
36000,step_036000,1,12,0.9676842538642952,0.9679918143622088,0.0054230560226833,0.0054102356423702,2,26,"0.550723,0.520431"
36000,step_036000,1,13,0.960653120999972,0.9612199094979776,0.0065996999779414,0.0065545384165399,2,28,"0.527223,0.474465"
36000,step_036000,1,14,0.9551301077486788,0.956120417350824,0.0075260237239176,0.0074164086042137,2,30,"0.793216,0.420214"
36000,step_036000,2,0,0.998438563803252,0.9983783307692686,0.0002617870557407,0.0002740800141509,2,2,"0.361799,0.255590"
36000,step_036000,2,1,0.9971128094535566,0.9970998634175072,0.0004842923204569,0.0004901562763593,2,4,"0.345839,0.243708"
36000,step_036000,2,2,0.9960015820639238,0.9961426093590584,0.0006707577387197,0.00065194770395,2,6,"0.352593,0.262917"
36000,step_036000,2,3,0.9945980227826792,0.9945005422954016,0.0009063369334069,0.0009294911762517,2,8,"0.328170,0.268857"
36000,step_036000,2,4,0.992917429190894,0.9929054209486756,0.0011884786931562,0.0011991060757624,2,10,"0.436985,0.282217"
36000,step_036000,2,5,0.9909998722330796,0.9905830166011456,0.0015102745994142,0.0015916426920324,2,12,"0.403616,0.305665"
36000,step_036000,2,6,0.9888718152201138,0.988036811607829,0.0018675266237539,0.0020220335533502,2,14,"0.424339,0.265358"
36000,step_036000,2,7,0.9862867027194469,0.9853634160269064,0.0023019335962462,0.0024739320145422,2,16,"0.435085,0.266931"
36000,step_036000,2,8,0.9830094522685764,0.9824670442775892,0.002852060929567,0.0029635354289845,2,18,"0.441990,0.351708"
36000,step_036000,2,9,0.9792650343128466,0.9786725801551588,0.0034800974382486,0.0036048607130915,2,20,"0.482262,0.372060"
36000,step_036000,2,10,0.9739339166840048,0.9734004860212996,0.0043732114112392,0.0044958773589998,2,22,"0.537255,0.391971"
36000,step_036000,2,11,0.9682899869528844,0.9668973541316012,0.005319543436067,0.005595003131705,2,24,"0.474647,0.383901"
36000,step_036000,2,12,0.9630641601822814,0.9621580709678568,0.0061967335948645,0.0063960174316151,2,26,"0.438326,0.357809"
36000,step_036000,2,13,0.9570926291646388,0.95733694929139,0.0071980963976703,0.0072107374040381,2,28,"0.489623,0.431342"
36000,step_036000,2,14,0.9487512989182,0.9495646940747468,0.0085980635638224,0.0085243916652375,2,30,"0.484438,0.282197"
36000,step_036000,3,0,0.9985926803697348,0.998585409794979,0.0002358600736045,0.0002390740518684,2,2,"0.245228,0.224822"
36000,step_036000,3,1,0.9975660897629526,0.9975971080040624,0.0004081949999494,0.0004061096310963,2,4,"0.326322,0.190856"
36000,step_036000,3,2,0.9964414585561338,0.9964377479794824,0.0005967484277916,0.000602043291632,2,6,"0.300033,0.238876"
36000,step_036000,3,3,0.99499100497933,0.9949724808159948,0.0008399160249979,0.000849682017434,2,8,"0.298935,0.223105"
36000,step_036000,3,4,0.99375377473332,0.993506786401499,0.0010475998283072,0.0010974091506516,2,10,"0.271046,0.200792"
36000,step_036000,3,5,0.9922587094078424,0.9920535525834128,0.001298592852344,0.0013430413408439,2,12,"0.308521,0.232584"
36000,step_036000,3,6,0.989853192725049,0.989585070966981,0.0017026184035887,0.0017603022838612,2,14,"0.344334,0.246329"
36000,step_036000,3,7,0.9872377033509112,0.9869840375474718,0.0021417693850306,0.0021999665118787,2,16,"0.406487,0.303689"
36000,step_036000,3,8,0.983473653918726,0.9829140661153476,0.0027742838939833,0.0028879763002989,2,18,"0.376246,0.311690"
36000,step_036000,3,9,0.977976272915924,0.9778653833388647,0.0036970960793903,0.0037413498966359,2,20,"0.531337,0.291276"
36000,step_036000,3,10,0.971865021939237,0.9708383932859944,0.0047229510619118,0.0049291811318246,2,22,"0.472377,0.262973"
36000,step_036000,3,11,0.9673215938151514,0.9664123130619998,0.0054860388651752,0.0056773202198091,2,24,"0.470856,0.333257"
36000,step_036000,3,12,0.9593298670495296,0.9587680948219304,0.0068277016845727,0.0069693338550013,2,26,"0.464203,0.333879"
36000,step_036000,3,13,0.9525495573708976,0.9510364449913156,0.0079652893027289,0.008276061400696,2,28,"0.537414,0.316505"
36000,step_036000,3,14,0.9439041568921096,0.9442797828181207,0.0094142986312273,0.0094178253142417,2,30,"0.464731,0.383552"
38000,step_038000,0,0,0.9973405262631014,0.9973309444736216,0.0004461089041675,0.0004511034258445,2,2,"1.914489,1.176985"
38000,step_038000,0,1,0.9964185271997748,0.9964934486878504,0.000600807770569,0.0005926505229813,2,4,"1.403332,1.044352"
38000,step_038000,0,2,0.9958217198645648,0.9959922571194894,0.0007007828765157,0.0006773436950566,2,6,"1.088615,0.866636"
38000,step_038000,0,3,0.9952540660394836,0.995442169749678,0.0007959756046893,0.0007703129907429,2,8,"1.001142,0.747878"
38000,step_038000,0,4,0.9946615576776516,0.9947898003045054,0.0008954343226608,0.0008805861911201,2,10,"0.908191,0.714200"
38000,step_038000,0,5,0.994214851446518,0.994307816693216,0.0009703112040118,0.0009620416919067,2,12,"1.043790,0.607637"
38000,step_038000,0,6,0.993743953950834,0.9937790031859208,0.0010493808348288,0.0010514355344644,2,14,"0.870410,0.546260"
38000,step_038000,0,7,0.9933129708489457,0.9934088571555924,0.0011216997534794,0.0011139992124056,2,16,"0.894093,0.792477"
38000,step_038000,0,8,0.9926542039819704,0.9927616433273508,0.0012322155049513,0.0012233957990805,2,18,"0.882587,0.648333"
38000,step_038000,0,9,0.9918010730931368,0.9920455985064504,0.0013752496711682,0.0013444080744133,2,20,"0.947725,0.630894"
38000,step_038000,0,10,0.9909635894072438,0.991295008686298,0.00151579001677,0.0014712838652754,2,22,"0.950679,0.596711"
38000,step_038000,0,11,0.9897724436461,0.9896314978894056,0.0017157406192822,0.0017524730794512,2,24,"1.377611,0.804481"
38000,step_038000,0,12,0.9880082321341428,0.9881297627830486,0.0020115333195983,0.0020062699738161,2,26,"1.156753,0.939940"
38000,step_038000,0,13,0.9860424127441244,0.9860060649127949,0.0023411723644736,0.0023652117879998,2,28,"1.041648,0.832995"
38000,step_038000,0,14,0.983140245402784,0.9829632835202384,0.0028279428209698,0.0028794847468359,2,30,"1.474807,0.824582"
38000,step_038000,1,0,0.9976795818055936,0.997740897698116,0.0003891591688112,0.0003818090040842,2,2,"0.524040,0.352459"
38000,step_038000,1,1,0.9966807573161508,0.9967949983734542,0.0005568517358511,0.0005416912732793,2,4,"0.422886,0.376179"
38000,step_038000,1,2,0.9956861263526074,0.9957934556853982,0.0007237037101761,0.0007109563542217,2,6,"0.409041,0.313146"
38000,step_038000,1,3,0.9942668145742758,0.9941759366163158,0.0009620590211194,0.0009843779701762,2,8,"0.497297,0.317776"
38000,step_038000,1,4,0.992867893117688,0.9925533019037664,0.0011972201717133,0.0012586739605213,2,10,"0.574961,0.312112"
38000,step_038000,1,5,0.9909167944012373,0.990738475011648,0.0015249106121495,0.0015654310338812,2,12,"0.595706,0.351790"
38000,step_038000,1,6,0.9888267706908984,0.9885007111768532,0.0018760589423357,0.0019437230444059,2,14,"0.511158,0.360916"
38000,step_038000,1,7,0.9868796875787758,0.9864341574793668,0.0022028824510602,0.0022930230020512,2,16,"0.493203,0.318142"
38000,step_038000,1,8,0.9846177041581274,0.9835286531262708,0.0025828118648333,0.0027841869105316,2,18,"0.580998,0.311442"
38000,step_038000,1,9,0.9819927744605944,0.981128639994262,0.003023574434696,0.0031898491054194,2,20,"0.630057,0.389704"
38000,step_038000,1,10,0.9779501756710272,0.9770170891653892,0.0037013829843011,0.0038847838203334,2,22,"0.682352,0.411600"
38000,step_038000,1,11,0.9736144370320976,0.9734561711817072,0.0044286179938406,0.0044866374010888,2,24,"0.692126,0.408344"
38000,step_038000,1,12,0.9696351632928,0.9699691724010788,0.0050955570342648,0.0050759486187166,2,26,"0.597736,0.536652"
38000,step_038000,1,13,0.964446499583964,0.9647915589961212,0.0059650106576811,0.0059510148243625,2,28,"0.605903,0.510855"
38000,step_038000,1,14,0.9577550567372702,0.9586351787248798,0.0070872167217914,0.0069914135400948,2,30,"0.823214,0.476636"
38000,step_038000,2,0,0.9984723150929128,0.9984061497659682,0.0002561121411183,0.0002693764981319,2,2,"0.337960,0.264577"
38000,step_038000,2,1,0.9971331023952488,0.997171760161752,0.0004809559503711,0.0004780097973239,2,4,"0.379945,0.253069"
38000,step_038000,2,2,0.9958357766376594,0.9959500578956746,0.0006987789783655,0.0006845008485817,2,6,"0.351872,0.256527"
38000,step_038000,2,3,0.994318929992714,0.9942906537042172,0.0009533157245146,0.0009649728147936,2,8,"0.376915,0.241585"
38000,step_038000,2,4,0.9927717551465628,0.9926280414165528,0.0012130218132015,0.0012459915172059,2,10,"0.428543,0.260058"
38000,step_038000,2,5,0.9909258741607028,0.9906906766944068,0.0015228698966026,0.0015734700592186,2,12,"0.344894,0.288457"
38000,step_038000,2,6,0.9886004800753204,0.988173829643015,0.0019133255151496,0.0019988891267146,2,14,"0.417482,0.238583"
38000,step_038000,2,7,0.9864460797312472,0.9857563848125944,0.002275108524156,0.0024075257757166,2,16,"0.443805,0.287039"
38000,step_038000,2,8,0.9836363789457524,0.982844030186128,0.002746348206437,0.0028997413825112,2,18,"0.436376,0.346423"
38000,step_038000,2,9,0.9790570103216764,0.9784127586858166,0.0035121916120151,0.0036485420001476,2,20,"0.493291,0.370991"
38000,step_038000,2,10,0.9748214682748556,0.9738809961911804,0.0042225564706103,0.0044145401322626,2,22,"0.494301,0.380802"
38000,step_038000,2,11,0.9697660556202572,0.9685717596999348,0.0050711934461521,0.0053119082318988,2,24,"0.499887,0.315501"
38000,step_038000,2,12,0.9618939645163018,0.961006475946197,0.0063919847679222,0.0065906222884587,2,26,"0.486441,0.414773"
38000,step_038000,2,13,0.9553088750519536,0.9558606434922984,0.0074961416827559,0.0074602187151378,2,28,"0.498442,0.337646"
38000,step_038000,2,14,0.9487209808132614,0.9493001693860376,0.0086034630873046,0.008569110333854,2,30,"0.478862,0.305553"
38000,step_038000,3,0,0.9985242272458358,0.9985457408228644,0.0002473213831472,0.000245774184156,2,2,"0.254431,0.219142"
38000,step_038000,3,1,0.9974338381947268,0.997453771559532,0.0004302692088622,0.0004303215942533,2,4,"0.343234,0.208154"
38000,step_038000,3,2,0.9962061614619048,0.996233850949253,0.0006361580335419,0.0006364987217246,2,6,"0.262732,0.239842"
38000,step_038000,3,3,0.9951286364429364,0.995179996680474,0.0008168501710889,0.0008146031118416,2,8,"0.304266,0.233729"
38000,step_038000,3,4,0.9939690712511564,0.9939013456204708,0.001011499858736,0.0010307127010158,2,10,"0.271107,0.178216"
38000,step_038000,3,5,0.9923234610020712,0.9920292852343696,0.0012877547858052,0.0013471392558869,2,12,"0.348027,0.225804"
38000,step_038000,3,6,0.9901990855742256,0.9900654503179488,0.0016446580865529,0.0016791286501862,2,14,"0.328065,0.224072"
38000,step_038000,3,7,0.9879274817292766,0.9872282615952246,0.0020255464925931,0.0021586789391719,2,16,"0.348077,0.270039"
38000,step_038000,3,8,0.9848433326246764,0.9841282061841352,0.0025431852244859,0.0026826829382103,2,18,"0.367900,0.303727"
38000,step_038000,3,9,0.9809038662799602,0.9804287931957656,0.0032030709455187,0.0033078766374505,2,20,"0.444337,0.248556"
38000,step_038000,3,10,0.9765373533002464,0.9760223614288276,0.0039363209926303,0.0040527373673625,2,22,"0.546127,0.288806"
38000,step_038000,3,11,0.9698808595087258,0.9697615888215292,0.0050539893622535,0.0051110164177375,2,24,"0.491834,0.361593"
38000,step_038000,3,12,0.9636557728997586,0.963435193263016,0.0060984229568537,0.006180249622586,2,26,"0.514269,0.331541"
38000,step_038000,3,13,0.9537661397740588,0.9526649374938044,0.0077603249423141,0.0080007881335678,2,28,"0.463243,0.333532"
38000,step_038000,3,14,0.9452081264540692,0.9455078644568168,0.009196671204331,0.0092103963991269,2,30,"0.467915,0.399670"
40000,step_040000,0,0,0.9974195147221776,0.9974084808569578,0.0004328321801583,0.0004379919509065,2,2,"1.926295,1.154197"
40000,step_040000,0,1,0.9964423328625142,0.9966106913264684,0.0005968365399971,0.0005728293956315,2,4,"1.221709,1.060618"
40000,step_040000,0,2,0.9957800435547836,0.9958969261983438,0.0007077365818887,0.0006934455583582,2,6,"1.029999,0.921347"
40000,step_040000,0,3,0.9952697731756108,0.9953894925132256,0.0007933057222152,0.0007792160837561,2,8,"1.054777,0.725573"
40000,step_040000,0,4,0.9947423867095796,0.9948329411689107,0.0008819033321169,0.0008732906193898,2,10,"0.847837,0.744987"
40000,step_040000,0,5,0.9942633486169348,0.9942924361240296,0.0009622997406522,0.0009646580138267,2,12,"0.875128,0.678655"
40000,step_040000,0,6,0.9938713046169084,0.9938830200973884,0.0010280326838453,0.0010338538670034,2,14,"0.852611,0.623302"
40000,step_040000,0,7,0.9933814479711224,0.9934225893819568,0.0011102993767855,0.0011116928247138,2,16,"0.769474,0.634023"
40000,step_040000,0,8,0.992836890963108,0.9930015620792348,0.0012016018166139,0.0011828514292684,2,18,"0.823615,0.744147"
40000,step_040000,0,9,0.9922100453002544,0.9923660663114756,0.0013067686913008,0.0012902651257928,2,20,"0.896711,0.550323"
40000,step_040000,0,10,0.991335993175664,0.9914685901565036,0.0014535709706264,0.0014419553520712,2,22,"0.920916,0.582671"
40000,step_040000,0,11,0.9898549145909084,0.9897794076276516,0.0017025268311017,0.001727527938977,2,24,"1.101965,0.763646"
40000,step_040000,0,12,0.9881593075921352,0.9879345265016392,0.0019872026469423,0.0020393786229262,2,26,"1.014137,0.809500"
40000,step_040000,0,13,0.986453739597927,0.9861557907895968,0.0022733211943746,0.0023399990379598,2,28,"1.168673,0.849127"
40000,step_040000,0,14,0.984189430403367,0.9838050992583236,0.0026533370443967,0.0027373098744531,2,30,"1.514704,0.790202"
40000,step_040000,1,0,0.9976528407658026,0.997717393536795,0.0003936580838299,0.0003857821473484,2,2,"0.470568,0.371244"
40000,step_040000,1,1,0.9966864117939324,0.9968025556917808,0.0005558873516275,0.0005404105771088,2,4,"0.389862,0.337003"
40000,step_040000,1,2,0.9958210651266258,0.9959755111636804,0.000701073019149,0.0006801851860925,2,6,"0.419740,0.283335"
40000,step_040000,1,3,0.9947151548686208,0.9946365491849836,0.0008867214993074,0.0009065075244254,2,8,"0.532484,0.259916"
40000,step_040000,1,4,0.9936415510623166,0.9934388177320088,0.0010669439752795,0.0011089534843293,2,10,"0.575584,0.328036"
40000,step_040000,1,5,0.9916323779494998,0.9911128731130248,0.0014044878793527,0.001502141930926,2,12,"0.545227,0.345928"
40000,step_040000,1,6,0.9896305506084732,0.989297045716702,0.0017403513397233,0.0018090538909168,2,14,"0.506992,0.333788"
40000,step_040000,1,7,0.9878034569546236,0.9876957906988774,0.0020469178056302,0.0020796955163289,2,16,"0.529637,0.361026"
40000,step_040000,1,8,0.9860798923985428,0.9853619178562496,0.0023363030812891,0.0024742187473121,2,18,"0.609288,0.352000"
40000,step_040000,1,9,0.982664532914269,0.9818202158420132,0.002909012015134,0.0030728479144836,2,20,"0.811862,0.395446"
40000,step_040000,1,10,0.9789076667318708,0.9782180906487372,0.0035390000763323,0.0036816871306053,2,22,"0.593514,0.375733"
40000,step_040000,1,11,0.975321047516124,0.9750895905003316,0.0041403954879075,0.0042104190083361,2,24,"0.603828,0.401404"
40000,step_040000,1,12,0.9709501862021755,0.9709209496014056,0.0048728782485022,0.0049149243978824,2,26,"0.540709,0.525814"
40000,step_040000,1,13,0.967145305141482,0.9676372101052888,0.0055099824428051,0.0054698284471305,2,28,"0.585089,0.462585"
40000,step_040000,1,14,0.96216178194438,0.9625800045380984,0.0063469440287307,0.0063246517663372,2,30,"0.633333,0.449456"
40000,step_040000,2,0,0.9984203965557436,0.9983280509658244,0.000264778174501,0.0002825721967978,2,2,"0.327494,0.251973"
40000,step_040000,2,1,0.9971747484141564,0.9972033726197344,0.0004739215542202,0.0004726659203325,2,4,"0.366210,0.206877"
40000,step_040000,2,2,0.9960198036163064,0.9960420969393752,0.0006677057779652,0.0006689305292276,2,6,"0.331786,0.246994"
40000,step_040000,2,3,0.9946276408209488,0.9944078107826502,0.0009014779360152,0.0009451704652115,2,8,"0.356118,0.281180"
40000,step_040000,2,4,0.9931106714094496,0.9931447622436748,0.0011561813006489,0.0011586641100935,2,10,"0.413015,0.253870"
40000,step_040000,2,5,0.9906865518620688,0.9903143517149048,0.00156333437517,0.001637112372397,2,12,"0.382935,0.266802"
40000,step_040000,2,6,0.988746105579227,0.988195915607668,0.0018891037273301,0.0019952032944004,2,14,"0.400118,0.278325"
40000,step_040000,2,7,0.986094091321365,0.9856221223512835,0.002334480162894,0.002430265110138,2,16,"0.415760,0.276284"
40000,step_040000,2,8,0.9834641460069168,0.9824961754013462,0.0027752482316083,0.0029585895174789,2,18,"0.428350,0.358864"
40000,step_040000,2,9,0.9793416335261776,0.9782546471295552,0.0034653145857641,0.0036753979505912,2,20,"0.557832,0.409784"
40000,step_040000,2,10,0.9719938923617216,0.9709695336643968,0.0046960596236817,0.0049065827013281,2,22,"0.488780,0.423819"
40000,step_040000,2,11,0.9680089863596696,0.9672126201995108,0.0053639697370087,0.0055415357643416,2,24,"0.448911,0.299726"
40000,step_040000,2,12,0.964886726047718,0.9634482408845813,0.005887920466214,0.0061777958018861,2,26,"0.420665,0.306748"
40000,step_040000,2,13,0.9589562734033384,0.9587528884703048,0.0068817085984975,0.0069712168979536,2,28,"0.498204,0.252458"
40000,step_040000,2,14,0.954381461522452,0.9550144517492192,0.0076498228666337,0.007603055149667,2,30,"0.417974,0.310481"
40000,step_040000,3,0,0.9985542544818428,0.998536632820772,0.0002422921166122,0.000247313465388,2,2,"0.261669,0.231400"
40000,step_040000,3,1,0.9977798021968196,0.9977985013243158,0.0003722666986872,0.000372072195825,2,4,"0.314560,0.196127"
40000,step_040000,3,2,0.996554406721339,0.9966017778736236,0.0005778022964101,0.0005743233221863,2,6,"0.263172,0.209454"
40000,step_040000,3,3,0.9954231070639962,0.9954373812350577,0.000767562363202,0.0007711093725001,2,8,"0.297161,0.202969"
40000,step_040000,3,4,0.9940644189915754,0.9940117546024836,0.0009955371643888,0.0010120548277559,2,10,"0.274222,0.184671"
40000,step_040000,3,5,0.9924764037873632,0.9921845181133498,0.0012621251741381,0.0013209145534132,2,12,"0.346493,0.211397"
40000,step_040000,3,6,0.9907510245702914,0.990310242956874,0.0015517195004262,0.0016377350275018,2,14,"0.327830,0.246621"
40000,step_040000,3,7,0.9886173861671156,0.9883418999594272,0.0019096282635183,0.001970426039791,2,16,"0.370414,0.250527"
40000,step_040000,3,8,0.9852216377609408,0.9846653835282874,0.0024795027394607,0.0025918665017887,2,18,"0.436400,0.335256"
40000,step_040000,3,9,0.9806162943136556,0.9798535399602808,0.0032521873152443,0.0034052251488145,2,20,"0.417699,0.249004"
40000,step_040000,3,10,0.975769046608326,0.9754416466228628,0.0040656283883182,0.0041509441102899,2,22,"0.588383,0.262053"
40000,step_040000,3,11,0.9686018797613613,0.9676872433745644,0.005269443064899,0.0054617124779557,2,24,"0.540182,0.326930"
40000,step_040000,3,12,0.9612555164815048,0.9601300271823358,0.0065018350515734,0.0067389145321515,2,26,"0.442876,0.318701"
40000,step_040000,3,13,0.9548116375044436,0.9536147290984992,0.0075838223548195,0.0078401315953723,2,28,"0.456826,0.370331"
40000,step_040000,3,14,0.9487433734886108,0.949566249635572,0.0086015611916145,0.0085242960586211,2,30,"0.440496,0.355017"
42000,step_042000,0,0,0.9972304436481076,0.9972421913934592,0.000464708977656,0.0004661062890179,2,2,"1.803171,1.317481"
42000,step_042000,0,1,0.9963194670220232,0.9964017179215316,0.0006174936146085,0.0006081561576917,2,4,"1.168529,1.013978"
42000,step_042000,0,2,0.995694922230563,0.995787717447092,0.0007222107870711,0.000711921611437,2,6,"1.251227,0.907009"
42000,step_042000,0,3,0.9950157481200592,0.9951229977777653,0.0008360947630354,0.0008242690177571,2,8,"0.999847,0.683726"
42000,step_042000,0,4,0.9946272151060768,0.9947265449019717,0.0009012608658351,0.0008912790945741,2,10,"0.893284,0.637055"
42000,step_042000,0,5,0.9941908214292032,0.9942696321010778,0.0009744775905939,0.000968515490566,2,12,"0.896458,0.803755"
42000,step_042000,0,6,0.993586540630138,0.9935833771438984,0.0010757669494017,0.0010844968852856,2,14,"0.858055,0.575397"
42000,step_042000,0,7,0.9930974904962788,0.9930982624075612,0.0011577911345536,0.0011664943699038,2,16,"1.061953,0.760144"
42000,step_042000,0,8,0.9925466206246494,0.992722561611192,0.0012501471644825,0.0012299870168341,2,18,"0.840025,0.519983"
42000,step_042000,0,9,0.9920350322656296,0.9921291734150784,0.0013360835070712,0.0013302897362154,2,20,"0.836485,0.508404"
42000,step_042000,0,10,0.990988843540908,0.9910051525820304,0.0015119012866778,0.0015202901729043,2,22,"1.147368,0.592783"
42000,step_042000,0,11,0.9898875401528872,0.9899290891103576,0.0016966958201265,0.0017021785851245,2,24,"1.085695,0.858577"
42000,step_042000,0,12,0.9887919599958608,0.9886218440040628,0.0018805722095849,0.0019231406457521,2,26,"1.001723,0.782098"
42000,step_042000,0,13,0.9874614742664374,0.9867771037998452,0.0021036661031895,0.0022349431172553,2,28,"1.010541,0.772893"
42000,step_042000,0,14,0.9853873436609664,0.9849923585008548,0.002452050337633,0.002536633605395,2,30,"1.219728,0.710710"
42000,step_042000,1,0,0.9976877873711464,0.9977380701159388,0.0003880351513789,0.0003823105243074,2,2,"0.537459,0.341286"
42000,step_042000,1,1,0.9966310702635052,0.996798012708454,0.0005653781972026,0.0005411973098022,2,4,"0.389992,0.353819"
42000,step_042000,1,2,0.9958981746660208,0.9960057894978944,0.0006882489952725,0.000675079821166,2,6,"0.422025,0.303437"
42000,step_042000,1,3,0.9949022362784788,0.9948331644383824,0.0008552487956305,0.0008732675335873,2,8,"0.509997,0.267268"
42000,step_042000,1,4,0.9935457849886974,0.9933015059310464,0.0010831324244042,0.0011321816989925,2,10,"0.493509,0.340930"
42000,step_042000,1,5,0.99186471428394,0.9914973277637644,0.001365413618562,0.0014371501003719,2,12,"0.567041,0.360006"
42000,step_042000,1,6,0.989677970325277,0.9892350536534926,0.0017327761635965,0.0018195741887894,2,14,"0.507591,0.250478"
42000,step_042000,1,7,0.9875176621080124,0.9870434375709808,0.0020956455713774,0.0021900405531335,2,16,"0.538443,0.303114"
42000,step_042000,1,8,0.9858567119582776,0.9853029845010468,0.0023745536540293,0.0024842594811454,2,18,"0.542023,0.376754"
42000,step_042000,1,9,0.9828393369309114,0.9810814223618144,0.0028813416818657,0.0031979048110858,2,20,"0.732134,0.346230"
42000,step_042000,1,10,0.9791448781739076,0.978200142936594,0.0035005347310909,0.0036848555770016,2,22,"0.622717,0.361032"
42000,step_042000,1,11,0.9758531885102478,0.9757010713875758,0.0040528756169485,0.0041072480909213,2,24,"0.677433,0.440291"
42000,step_042000,1,12,0.9711006905084352,0.9710738248010864,0.0048487979743314,0.004889206040419,2,26,"0.541048,0.423259"
42000,step_042000,1,13,0.9660116213225498,0.966454497251152,0.0057022435200359,0.0056698996199311,2,28,"0.547380,0.480283"
42000,step_042000,1,14,0.960590124644044,0.9614862305067592,0.0066101881887916,0.0065094547946908,2,30,"0.669780,0.484128"
42000,step_042000,2,0,0.9984243693256998,0.998369880810054,0.0002642964646689,0.0002755131861439,2,2,"0.317123,0.256341"
42000,step_042000,2,1,0.9971065512320404,0.9971213912735905,0.0004854890721534,0.0004865288270703,2,4,"0.323731,0.220274"
42000,step_042000,2,2,0.996011574913167,0.9960249450288392,0.0006693934891957,0.0006718466851857,2,6,"0.356335,0.228906"
42000,step_042000,2,3,0.9946317131122528,0.9945361262106284,0.0009011060932173,0.0009235050136136,2,8,"0.373576,0.251233"
42000,step_042000,2,4,0.9928379224332536,0.9928707233003236,0.0012021456354376,0.0012049948176662,2,10,"0.398591,0.270946"
42000,step_042000,2,5,0.9910993056664078,0.9907262718935044,0.0014941632283714,0.0015674878727097,2,12,"0.387089,0.251749"
42000,step_042000,2,6,0.989043077740177,0.9883636658094698,0.0018394355829308,0.0019668653971323,2,14,"0.478572,0.237436"
42000,step_042000,2,7,0.986177891392172,0.9852398494592146,0.002320453265612,0.0024948943565137,2,16,"0.385895,0.275754"
42000,step_042000,2,8,0.9825192928723548,0.981541008475036,0.0029339333426027,0.003120082316123,2,18,"0.434883,0.306044"
42000,step_042000,2,9,0.9784402927837964,0.9774650913965602,0.0036175849107562,0.0038089439231109,2,20,"0.531411,0.347864"
42000,step_042000,2,10,0.9736939766703988,0.9720570433284812,0.0044125361301551,0.004722933344257,2,22,"0.533385,0.382609"
42000,step_042000,2,11,0.9679770088243008,0.9660090175020204,0.0053715167564509,0.0057451499201944,2,24,"0.476622,0.325356"
42000,step_042000,2,12,0.9626279907945676,0.9613632855845586,0.0062684117820547,0.0065302880685128,2,26,"0.461096,0.334656"
42000,step_042000,2,13,0.9559757996917948,0.9566020166108408,0.0073849913004568,0.0073350282320133,2,28,"0.456489,0.420656"
42000,step_042000,2,14,0.9514491311071612,0.9524050347457784,0.0081443847574755,0.0080443230686382,2,30,"0.457633,0.317500"
42000,step_042000,3,0,0.9986833054564392,0.9986506367514104,0.0002208011899511,0.0002280570672213,2,2,"0.248675,0.224141"
42000,step_042000,3,1,0.9977977002070828,0.99784737838385,0.0003693741192375,0.0003638151132497,2,4,"0.314259,0.183899"
42000,step_042000,3,2,0.9966216144848088,0.9966830902906864,0.0005667133687623,0.0005605921059615,2,6,"0.291536,0.207585"
42000,step_042000,3,3,0.9952738527535876,0.9952583900658027,0.0007927473298845,0.0008013733879576,2,8,"0.288809,0.211923"
42000,step_042000,3,4,0.9941262320823732,0.9941422409866152,0.0009853272031237,0.0009900154756422,2,10,"0.260674,0.173162"
42000,step_042000,3,5,0.9930050418564192,0.9927897393447792,0.0011734828062963,0.0012186256275577,2,12,"0.311040,0.226903"
42000,step_042000,3,6,0.990905293582214,0.9906530411773364,0.0015260887035359,0.0015798169379348,2,14,"0.319766,0.215761"
42000,step_042000,3,7,0.9881138909799034,0.9878158857955112,0.0019946377632972,0.0020593830276298,2,16,"0.427456,0.258293"
42000,step_042000,3,8,0.9840507891804072,0.9834106083608724,0.0026766229732524,0.0028040146533567,2,18,"0.469243,0.288515"
42000,step_042000,3,9,0.9790789185714188,0.977775686031628,0.003510850033249,0.0037565219851987,2,20,"0.433876,0.300673"
42000,step_042000,3,10,0.9747528157050254,0.973585449029168,0.0042364687190546,0.0044647400568597,2,22,"0.438582,0.275490"
42000,step_042000,3,11,0.97017135000201,0.968593330079428,0.0050052265367221,0.0053085239424061,2,24,"0.439455,0.326163"
42000,step_042000,3,12,0.962540045194386,0.9611282966304836,0.0062871341500568,0.0065703550491011,2,26,"0.426543,0.377133"
42000,step_042000,3,13,0.9532183013156972,0.9524299084702288,0.0078508458837933,0.0080404128874181,2,28,"0.414137,0.383757"
42000,step_042000,3,14,0.9464211514051832,0.9460558203662452,0.008989979499195,0.0091175945551125,2,30,"0.444118,0.359993"
44000,step_044000,0,0,0.9975932878561836,0.9976658234306096,0.0004037165076759,0.00039450176788,2,2,"1.623381,1.327967"
44000,step_044000,0,1,0.9966912734058604,0.9968508466929746,0.0005550950134358,0.0005322418604893,2,4,"1.149099,1.031394"
44000,step_044000,0,2,0.9961170106361747,0.9961308331314358,0.0006513378078614,0.0006539265875619,2,6,"1.085390,0.927267"
44000,step_044000,0,3,0.9955092549548238,0.9955186131391311,0.0007532157991651,0.0007574002929878,2,8,"0.953677,0.750297"
44000,step_044000,0,4,0.9950784773306408,0.9950713464048164,0.0008254540621446,0.0008329993788795,2,10,"0.933277,0.692636"
44000,step_044000,0,5,0.9946413896268304,0.9946458109103666,0.0008987676444918,0.0009049282769737,2,12,"0.795365,0.764967"
44000,step_044000,0,6,0.9942517732174596,0.9941867517704724,0.0009640540466071,0.000982520490189,2,14,"0.921303,0.597030"
44000,step_044000,0,7,0.9937230575210592,0.9938335844012204,0.0010528406133659,0.0010422167559049,2,16,"0.890727,0.683727"
44000,step_044000,0,8,0.993171919420263,0.9932996126841788,0.0011453108853102,0.0011324720698084,2,18,"0.785716,0.601378"
44000,step_044000,0,9,0.992528097303277,0.9925368475063298,0.0012534329499471,0.0012614031759143,2,20,"0.850117,0.594657"
44000,step_044000,0,10,0.9917221495157736,0.9917445278440876,0.0013887469124386,0.0013953414859834,2,22,"1.117337,0.641712"
44000,step_044000,0,11,0.9902308953548976,0.9899242151022634,0.0016394251842312,0.0017030761518234,2,24,"1.377027,0.635103"
44000,step_044000,0,12,0.9887883624012684,0.9886303745140844,0.0018816846958507,0.0019217589750382,2,26,"0.958350,0.782027"
44000,step_044000,0,13,0.9867538533002804,0.9863490096563864,0.0022232156038512,0.0023073663306661,2,28,"1.082155,0.770182"
44000,step_044000,0,14,0.9848181951960152,0.9848417743233212,0.0025482020926824,0.0025621260508463,2,30,"1.260105,0.721715"
44000,step_044000,1,0,0.99786678854472,0.9979117899156992,0.0003577721675185,0.0003529285932979,2,2,"0.503808,0.357677"
44000,step_044000,1,1,0.9968375952477894,0.9969378637450144,0.0005305716280148,0.0005175480844179,2,4,"0.387952,0.356683"
44000,step_044000,1,2,0.9961465442079472,0.9962257056636812,0.0006464824255741,0.0006379017436404,2,6,"0.370707,0.317787"
44000,step_044000,1,3,0.9950843160602773,0.9950620389505076,0.000824902452605,0.000834606307667,2,8,"0.480338,0.305955"
44000,step_044000,1,4,0.9934670333458524,0.9933717933799924,0.0010967474269695,0.0011203342696391,2,10,"0.536378,0.315368"
44000,step_044000,1,5,0.9919969123722449,0.991689383147734,0.0013434143751504,0.00140470518491,2,12,"0.494494,0.382806"
44000,step_044000,1,6,0.9903523738246072,0.9901709793023814,0.0016194949940064,0.0016613475400197,2,14,"0.545542,0.340645"
44000,step_044000,1,7,0.9883281500754452,0.9881899309927732,0.0019594624382906,0.0019962242303244,2,16,"0.608563,0.389802"
44000,step_044000,1,8,0.986416679823486,0.9860700168563372,0.0022801027908033,0.0023545443038027,2,18,"0.563037,0.289697"
44000,step_044000,1,9,0.9835815932561136,0.9826389251392352,0.0027559456310268,0.0029345338153116,2,20,"0.672048,0.321640"
44000,step_044000,1,10,0.9798103222477894,0.9796706876658456,0.0033886619610287,0.0034362210498981,2,22,"0.524854,0.361221"
44000,step_044000,1,11,0.9763580706208644,0.976461277212722,0.0039675643006436,0.0039786480669406,2,24,"0.605187,0.348539"
44000,step_044000,1,12,0.9727281501966386,0.9727040856307168,0.0045765014944594,0.0046137032627654,2,26,"0.615178,0.381442"
44000,step_044000,1,13,0.968570852231553,0.9688745514543992,0.0052733954247227,0.0052609339614581,2,28,"0.552270,0.444669"
44000,step_044000,1,14,0.9631223465526184,0.9634080131064268,0.0061864699862232,0.0061847809239273,2,30,"0.572302,0.455676"
44000,step_044000,2,0,0.9984976418139434,0.9984446691544524,0.0002518898796325,0.0002628631408673,2,2,"0.329715,0.257753"
44000,step_044000,2,1,0.997382745070272,0.9973346526628246,0.0004389194217342,0.0004504668153705,2,4,"0.350197,0.229131"
44000,step_044000,2,2,0.9963390781607108,0.996400276674178,0.0006141096901707,0.0006083963789519,2,6,"0.345502,0.222239"
44000,step_044000,2,3,0.995038947488366,0.995042378013121,0.0008324021921467,0.00083791304177,2,8,"0.332705,0.253759"
44000,step_044000,2,4,0.9934068390271996,0.9934607614313152,0.0011065218632267,0.0011052517017043,2,10,"0.383695,0.266986"
44000,step_044000,2,5,0.9915934408572056,0.9913312737791804,0.0014106653644028,0.0014651774678298,2,12,"0.382359,0.289897"
44000,step_044000,2,6,0.9896478360836676,0.9893539053608,0.0017372393600522,0.001799416045037,2,14,"0.410975,0.268079"
44000,step_044000,2,7,0.986474835851953,0.9858598270198188,0.0022700995423605,0.0023900504505193,2,16,"0.426705,0.296117"
44000,step_044000,2,8,0.9831628980683028,0.9823647181995548,0.0028259978372369,0.0029808462242164,2,18,"0.488415,0.314673"
44000,step_044000,2,9,0.9792480041523683,0.9783162803308856,0.0034828534409624,0.0036651308397521,2,20,"0.450445,0.351476"
44000,step_044000,2,10,0.9756600518481334,0.9746822907368524,0.0040844967659594,0.0042793333578774,2,22,"0.532485,0.366534"
44000,step_044000,2,11,0.969858988197517,0.9678242389337588,0.0050558245344609,0.0054383495466889,2,24,"0.433968,0.314833"
44000,step_044000,2,12,0.9652692798919468,0.9641625814847244,0.0058260156112793,0.0060572514268387,2,26,"0.425901,0.295261"
44000,step_044000,2,13,0.9596097293652496,0.960101416209996,0.0067746380634405,0.0067434847648216,2,28,"0.409706,0.310925"
44000,step_044000,2,14,0.9554896621076728,0.956416840695196,0.0074659002006413,0.0073662093321249,2,30,"0.455269,0.328882"
44000,step_044000,3,0,0.998632092521556,0.9985945094179052,0.0002293057518783,0.000237533909878,2,2,"0.262318,0.214224"
44000,step_044000,3,1,0.9977805251432637,0.9978095519951492,0.000372160255067,0.000370204075324,2,4,"0.309288,0.185255"
44000,step_044000,3,2,0.9966589964093782,0.9967183660401212,0.0005602564277299,0.0005546180393714,2,6,"0.269184,0.205286"
44000,step_044000,3,3,0.99548511434211,0.9955514262156616,0.0007571300487475,0.0007518286574418,2,8,"0.233658,0.225592"
44000,step_044000,3,4,0.9942713694752184,0.9942535784764844,0.0009607131758528,0.0009711754154468,2,10,"0.269192,0.194207"
44000,step_044000,3,5,0.9926533968110826,0.9922375784108136,0.0012322247984792,0.0013119225753472,2,12,"0.334941,0.213791"
44000,step_044000,3,6,0.991003837001784,0.990680039538783,0.0015091270650046,0.0015752139920395,2,14,"0.328088,0.227037"
44000,step_044000,3,7,0.9885237805529968,0.988331104882536,0.0019251911916775,0.0019722380723329,2,16,"0.414323,0.287043"
44000,step_044000,3,8,0.9849299977821764,0.9845178831130108,0.0025283929101487,0.0026167870247587,2,18,"0.420265,0.307893"
44000,step_044000,3,9,0.980507729371929,0.9799145865240276,0.0032702258757968,0.0033948890037268,2,20,"0.419005,0.264409"
44000,step_044000,3,10,0.9757354055243364,0.9747439198118149,0.0040709873230064,0.0042688878203246,2,22,"0.502378,0.227030"
44000,step_044000,3,11,0.9707098031246028,0.9696305406206576,0.0049153683282975,0.0051332396302218,2,24,"0.505163,0.284955"
44000,step_044000,3,12,0.9612860825159948,0.9603405838787614,0.0064996035060498,0.0067036255405546,2,26,"0.464090,0.324981"
44000,step_044000,3,13,0.9538933135045718,0.9531186467843128,0.007739874179637,0.0079241854746206,2,28,"0.438503,0.377853"
44000,step_044000,3,14,0.9470126352152204,0.947059887194262,0.0088927556490244,0.0089481174167704,2,30,"0.485781,0.322871"
46000,step_046000,0,0,0.9976587702463902,0.9977359680675928,0.0003928433764565,0.0003826448438763,2,2,"1.648910,1.353959"
46000,step_046000,0,1,0.99673606881029,0.9969183677524044,0.0005475617178599,0.0005208225858273,2,4,"1.204876,0.832872"
46000,step_046000,0,2,0.9961712682690788,0.9962552683347168,0.0006421908790283,0.0006328918393484,2,6,"1.177210,0.954527"
46000,step_046000,0,3,0.9955891178923446,0.9956607396583858,0.0007398149569722,0.0007333763174485,2,8,"0.898655,0.643522"
46000,step_046000,0,4,0.9951589497700428,0.99517044188528,0.00081197503954,0.0008162495993778,2,10,"0.852529,0.707729"
46000,step_046000,0,5,0.9947529690227698,0.9947824865829658,0.0008800881300686,0.0008818314179517,2,12,"0.905769,0.682171"
46000,step_046000,0,6,0.9943310651099112,0.9943643136398994,0.0009507672694043,0.0009525023619491,2,14,"0.847009,0.737157"
46000,step_046000,0,7,0.9936925733874996,0.993819648830248,0.0010579728030894,0.0010445705655076,2,16,"1.003471,0.661089"
46000,step_046000,0,8,0.993112449240935,0.9932563795526256,0.0011553021300829,0.0011397784042749,2,18,"0.794794,0.686797"
46000,step_046000,0,9,0.9925908079098322,0.9927943747085308,0.0012429257095931,0.0012178703489444,2,20,"0.897955,0.577407"
46000,step_046000,0,10,0.9917196634383324,0.9917415218718996,0.0013893509054543,0.0013958556048614,2,22,"0.984198,0.614511"
46000,step_046000,0,11,0.990572753561652,0.990518603383368,0.001582071335335,0.0016025735335156,2,24,"1.299228,0.578696"
46000,step_046000,0,12,0.9892949095800382,0.989137874924892,0.0017966529533318,0.0018359561469171,2,26,"0.992141,0.765147"
46000,step_046000,0,13,0.9878328652046776,0.9874451125609812,0.0020421657302909,0.0021220949056697,2,28,"1.210112,0.698363"
46000,step_046000,0,14,0.9862662773195312,0.9861452335001678,0.0023051026784181,0.0023418160524488,2,30,"1.171025,0.645857"
46000,step_046000,1,0,0.9979540256341942,0.9980659242703084,0.0003432896168386,0.0003268872765133,2,2,"0.494424,0.357803"
46000,step_046000,1,1,0.9970964937209352,0.9972277521505574,0.0004871533265923,0.0004685532955556,2,4,"0.442577,0.355898"
46000,step_046000,1,2,0.9964353503241116,0.9964915286755218,0.0005980445294586,0.0005929802142391,2,6,"0.358963,0.288002"
46000,step_046000,1,3,0.9956482889756172,0.9956983990125132,0.0007300879370211,0.0007270305492026,2,8,"0.465238,0.255555"
46000,step_046000,1,4,0.994403256066144,0.994340421355748,0.0009390780956226,0.0009565655418411,2,10,"0.513089,0.314314"
46000,step_046000,1,5,0.992819122268679,0.9927128603813452,0.0012050179181616,0.0012316588322589,2,12,"0.554962,0.333899"
46000,step_046000,1,6,0.9911427027891576,0.9909186130081804,0.0014865480346622,0.0015349664275334,2,14,"0.544074,0.352122"
46000,step_046000,1,7,0.9888156102502248,0.9887087277056118,0.0018770720567971,0.0019084852621424,2,16,"0.551496,0.363483"
46000,step_046000,1,8,0.9869190667767744,0.9864385875954276,0.0021955667875138,0.0022922432805201,2,18,"0.541834,0.333530"
46000,step_046000,1,9,0.9847278389768764,0.9843101831691332,0.0025627716437914,0.0026519821644735,2,20,"0.569599,0.357279"
46000,step_046000,1,10,0.9811914934489264,0.9809452601403232,0.0031561939241185,0.0032207247458241,2,22,"0.566530,0.339643"
46000,step_046000,1,11,0.9786693566767024,0.9786073556803072,0.0035790250840931,0.0036158469302879,2,24,"0.534977,0.360620"
46000,step_046000,1,12,0.9745701951087202,0.9745248155560304,0.0042663824763251,0.0043058430670341,2,26,"0.484281,0.457082"
46000,step_046000,1,13,0.9703212178610836,0.970966168326489,0.0049778767638343,0.0049071559164095,2,28,"0.570990,0.508342"
46000,step_046000,1,14,0.9650229712433772,0.965415854389287,0.0058671296668734,0.0058453260324487,2,30,"0.479743,0.418922"
46000,step_046000,2,0,0.998668651390646,0.9986464223565852,0.0002232383086942,0.0002287692413335,2,2,"0.342612,0.280185"
46000,step_046000,2,1,0.9976830485338768,0.9976390121176412,0.0003885378462838,0.0003990237072532,2,4,"0.353308,0.234720"
46000,step_046000,2,2,0.9967651011731292,0.9967667122629096,0.0005426565517031,0.0005464682049556,2,6,"0.302008,0.198957"
46000,step_046000,2,3,0.9955602210395584,0.9956278023409488,0.0007450533522734,0.0007389737537583,2,8,"0.361392,0.233908"
46000,step_046000,2,4,0.9940715492506772,0.9941420380494734,0.0009951020060718,0.00099012157751,2,10,"0.367806,0.247085"
46000,step_046000,2,5,0.9922673354966676,0.99221262693917,0.0012977567922841,0.0013162307518299,2,12,"0.392256,0.254057"
46000,step_046000,2,6,0.99045638499203,0.990160425086203,0.0016016279426002,0.0016630971385648,2,14,"0.475834,0.308651"
46000,step_046000,2,7,0.986834813567187,0.9862749964995308,0.0022100845844379,0.0023199088386557,2,16,"0.414964,0.279021"
46000,step_046000,2,8,0.9840539418698344,0.9833679895064024,0.0026767185941976,0.0028112602718413,2,18,"0.409640,0.343877"
46000,step_046000,2,9,0.9798886208708758,0.97930194581979,0.0033755431566211,0.0034985333841655,2,20,"0.480366,0.347766"
46000,step_046000,2,10,0.9757554578012968,0.9755024431430448,0.0040684334578454,0.00414070659276,2,22,"0.445631,0.395013"
46000,step_046000,2,11,0.9708347981672966,0.9699907716249112,0.0048927863739818,0.0050721353248589,2,24,"0.448145,0.367125"
46000,step_046000,2,12,0.9675365515721328,0.967196284445828,0.0054460364688655,0.0055444218518667,2,26,"0.376942,0.295012"
46000,step_046000,2,13,0.9621747100637482,0.9630720234901752,0.0063454954055266,0.0062413849000727,2,28,"0.418282,0.332263"
46000,step_046000,2,14,0.9559611498665316,0.9574492135143357,0.0073881451238666,0.0071917305925267,2,30,"0.443353,0.268074"
46000,step_046000,3,0,0.9987192323060028,0.998712547821538,0.0002147483744886,0.0002175907833779,2,2,"0.261335,0.208802"
46000,step_046000,3,1,0.9978910517558442,0.9979007737452996,0.0003537921553336,0.0003547985932334,2,4,"0.282479,0.178314"
46000,step_046000,3,2,0.9969830091570314,0.9970527856189124,0.0005060792594699,0.0004981134814697,2,6,"0.272578,0.198534"
46000,step_046000,3,3,0.9957004428442954,0.9958421241647788,0.0007212320199005,0.0007027196527399,2,8,"0.257433,0.220146"
46000,step_046000,3,4,0.9945809091215952,0.9946234800195124,0.0009090574284946,0.0009086959660576,2,10,"0.296069,0.183250"
46000,step_046000,3,5,0.9931605787309656,0.9928722431259808,0.0011475109830894,0.0012046921723538,2,12,"0.305108,0.209276"
46000,step_046000,3,6,0.9916658574022418,0.9914226986431756,0.0013982517680521,0.0014497024288582,2,14,"0.313318,0.239191"
46000,step_046000,3,7,0.9895529871600784,0.9894710668872412,0.0017526612971319,0.0017795765256233,2,16,"0.410838,0.271056"
46000,step_046000,3,8,0.985434803864539,0.9854019758198156,0.002444574293187,0.002467416944234,2,18,"0.416352,0.279898"
46000,step_046000,3,9,0.9809949198216498,0.9809505801539647,0.0031895707174807,0.0032198418344124,2,20,"0.443414,0.315890"
46000,step_046000,3,10,0.9760646837044096,0.9758673489140842,0.0040175071373147,0.0040791008498245,2,22,"0.520880,0.258002"
46000,step_046000,3,11,0.970590280220135,0.9707589679581636,0.0049370583930712,0.0049425752464496,2,24,"0.487636,0.290871"
46000,step_046000,3,12,0.9653171767184968,0.9646040944218628,0.0058216400465931,0.0059828464979146,2,26,"0.423897,0.284057"
46000,step_046000,3,13,0.9597134200642642,0.9597768759408232,0.0067616794508119,0.0067986234711993,2,28,"0.423886,0.409044"
46000,step_046000,3,14,0.9519520211772846,0.9522479139045912,0.0080622197115313,0.0080709334159594,2,30,"0.386984,0.301457"
46250,epoch_01,0,0,0.997521127237447,0.9975735114515606,0.0004159713573811,0.0004101110118515,2,2,"1.539239,1.385063"
46250,epoch_01,0,1,0.9966640849556216,0.9968288321483906,0.0005596788344486,0.000535965250422,2,4,"1.244309,1.148014"
46250,epoch_01,0,2,0.9961289123837548,0.9962222754856654,0.0006492650398265,0.0006384641409218,2,6,"1.050038,0.767333"
46250,epoch_01,0,3,0.995539865536088,0.9956096226215848,0.0007480834088155,0.0007420201772601,2,8,"0.998958,0.709984"
46250,epoch_01,0,4,0.9950419844934372,0.9951012233829384,0.000831670972261,0.0008279588912109,2,10,"0.987132,0.694782"
46250,epoch_01,0,5,0.9945640159491732,0.9946054485923158,0.0009118531397001,0.0009117542847131,2,12,"0.846767,0.696531"
46250,epoch_01,0,6,0.9941975638154952,0.9942766986050078,0.0009732432693905,0.0009673144239544,2,14,"0.857673,0.628794"
46250,epoch_01,0,7,0.9936565389424952,0.9936872819096276,0.0010640033108918,0.0010669436815446,2,16,"0.934121,0.812633"
46250,epoch_01,0,8,0.9929563121753082,0.9932002612470155,0.001181421460947,0.0011492492292366,2,18,"0.794675,0.543205"
46250,epoch_01,0,9,0.9923906454398108,0.9925703696391333,0.001276377712959,0.001255720290613,2,20,"0.821030,0.608267"
46250,epoch_01,0,10,0.9914673356863932,0.9915434781262747,0.0014314480339533,0.0014293046730992,2,22,"1.090609,0.640682"
46250,epoch_01,0,11,0.9906155701862244,0.9904411150933118,0.001574365950356,0.001615623165048,2,24,"1.208904,0.762637"
46250,epoch_01,0,12,0.9892497474126316,0.9890686802190456,0.0018038275154629,0.0018476231866528,2,26,"0.979129,0.814419"
46250,epoch_01,0,13,0.9873855526139144,0.9871059312268772,0.0021167142991721,0.0021793853667262,2,28,"1.135103,0.608162"
46250,epoch_01,0,14,0.985372796115711,0.9851890333415042,0.0024541481912783,0.0025033483300486,2,30,"1.165027,0.705350"
46250,epoch_01,1,0,0.9980068326444362,0.998094297540396,0.000334491280258,0.0003220966578291,2,2,"0.520096,0.351648"
46250,epoch_01,1,1,0.9970758116761896,0.997195779653611,0.000490748411122,0.0004739694981249,2,4,"0.427543,0.342674"
46250,epoch_01,1,2,0.9963675494482742,0.99644694136893,0.000609505092646,0.0006005212127707,2,6,"0.402321,0.308827"
46250,epoch_01,1,3,0.995409698071822,0.9954791571497,0.0007702319167573,0.00076410164483,2,8,"0.498771,0.304534"
46250,epoch_01,1,4,0.9939820811225858,0.993883185340204,0.0010101295328394,0.0010338809631617,2,10,"0.468035,0.278621"
46250,epoch_01,1,5,0.992218676365204,0.9921139646827872,0.0013062175076942,0.0013329327994365,2,12,"0.546865,0.393753"
46250,epoch_01,1,6,0.9902283717189984,0.989776954796341,0.0016402953568226,0.0017279611747821,2,14,"0.618436,0.299293"
46250,epoch_01,1,7,0.9882440114882112,0.988120626317196,0.0019733336708346,0.0020079231558758,2,16,"0.626778,0.343307"
46250,epoch_01,1,8,0.9863724516608358,0.985788915689267,0.0022876300047043,0.0024020739512707,2,18,"0.564780,0.325972"
46250,epoch_01,1,9,0.9834323445247448,0.982443619336173,0.0027805837051917,0.0029675295241022,2,20,"0.687286,0.398542"
46250,epoch_01,1,10,0.9801469601901758,0.9795940853788712,0.003332072399625,0.0034491948162812,2,22,"0.496614,0.301606"
46250,epoch_01,1,11,0.977360461052203,0.9771873239181438,0.0037989444478042,0.0038559213903293,2,24,"0.597456,0.384898"
46250,epoch_01,1,12,0.9736652544496126,0.9734823635924768,0.0044186891800277,0.004482086797089,2,26,"0.577471,0.464033"
46250,epoch_01,1,13,0.9694892480873714,0.9699341286936692,0.0051183755073524,0.0050816985338451,2,28,"0.541620,0.489981"
46250,epoch_01,1,14,0.9637848840583364,0.964731179620722,0.0060754891224851,0.005961138994645,2,30,"0.519120,0.445359"
46250,epoch_01,2,0,0.9987233197448973,0.9987003189202084,0.0002141114481782,0.0002196622148084,2,2,"0.324972,0.278240"
46250,epoch_01,2,1,0.9977249187000212,0.9977008614449132,0.0003815842469841,0.0003885729594317,2,4,"0.367637,0.237593"
46250,epoch_01,2,2,0.996726221218852,0.9967792286749972,0.0005492122489717,0.0005443530295907,2,6,"0.306861,0.216384"
46250,epoch_01,2,3,0.9953690139852384,0.9954009207428852,0.0007771889808438,0.0007773195512428,2,8,"0.403403,0.255727"
46250,epoch_01,2,4,0.99389680708079,0.9939561533924977,0.0010243871385979,0.001021531177117,2,10,"0.360568,0.259492"
46250,epoch_01,2,5,0.992202421967858,0.9921798823499692,0.0013087222140387,0.001321758076413,2,12,"0.396468,0.271176"
46250,epoch_01,2,6,0.9897458619119244,0.9894365605841978,0.0017210215031862,0.001785453890602,2,14,"0.472115,0.291230"
46250,epoch_01,2,7,0.98654685749566,0.9859450808266031,0.002258368896975,0.0023756724057927,2,16,"0.453110,0.279189"
46250,epoch_01,2,8,0.9836836823956306,0.982789173168086,0.0027386807353763,0.0029091080991039,2,18,"0.373282,0.334036"
46250,epoch_01,2,9,0.9803297326208144,0.9797989395698536,0.0033007404902179,0.0034145037931772,2,20,"0.519810,0.337666"
46250,epoch_01,2,10,0.975608035102696,0.974993056636536,0.0040918692648466,0.0042266838842415,2,22,"0.437776,0.338528"
46250,epoch_01,2,11,0.9701176671785624,0.9693448367698024,0.005012826402958,0.0051813251348352,2,24,"0.463984,0.297034"
46250,epoch_01,2,12,0.9650703983680842,0.9643850787869636,0.0058595290681204,0.0060195445092733,2,26,"0.431382,0.420993"
46250,epoch_01,2,13,0.9595816884121784,0.9602564096348356,0.0067799541441882,0.0067172879404374,2,28,"0.398553,0.393479"
46250,epoch_01,2,14,0.9559143606032974,0.9575910496894132,0.0073952550892434,0.007167764637835,2,30,"0.456700,0.263146"
46250,epoch_01,3,0,0.9988202799817496,0.9988149421187638,0.0001978315551197,0.0002002866560785,2,2,"0.240675,0.209794"
46250,epoch_01,3,1,0.997952849082287,0.9980235329353728,0.0003434158559864,0.000334046061943,2,4,"0.288383,0.199170"
46250,epoch_01,3,2,0.996991579116408,0.9970668280302488,0.0005047002154742,0.0004957427799834,2,6,"0.291506,0.207055"
46250,epoch_01,3,3,0.9956220171836724,0.9957909767486086,0.0007343869251986,0.0007113588484822,2,8,"0.270211,0.221190"
46250,epoch_01,3,4,0.9944080382227,0.9944325058310896,0.0009380693618658,0.0009409672075303,2,10,"0.286864,0.201815"
46250,epoch_01,3,5,0.992927942776558,0.9927401040954912,0.0011866872893096,0.0012270405938695,2,12,"0.290649,0.216528"
46250,epoch_01,3,6,0.991378252144934,0.9912269188736564,0.0014464746528622,0.0014827899469642,2,14,"0.361097,0.249558"
46250,epoch_01,3,7,0.98874397616906,0.9885820879130236,0.0018890217599986,0.0019298845312354,2,16,"0.399245,0.253329"
46250,epoch_01,3,8,0.984940020548144,0.9847604578236518,0.0025270399503114,0.0025758110620486,2,18,"0.445644,0.279218"
46250,epoch_01,3,9,0.9810245318585564,0.9805761385014314,0.0031838701214265,0.0032830932331883,2,20,"0.477168,0.257740"
46250,epoch_01,3,10,0.9770307943257428,0.9764713217111396,0.003854119226451,0.0039769013749855,2,22,"0.460963,0.272934"
46250,epoch_01,3,11,0.9711625838105284,0.970406238066202,0.0048399641823127,0.0050021688240648,2,24,"0.531855,0.342175"
46250,epoch_01,3,12,0.9661253464641284,0.9653895056258732,0.0056855558260258,0.0058500407475668,2,26,"0.442928,0.284423"
46250,epoch_01,3,13,0.960591051364935,0.9597846027474888,0.0066144136041075,0.0067973426176916,2,28,"0.453213,0.350044"
46250,epoch_01,3,14,0.9521418292150908,0.9524028863482455,0.0080311012125528,0.008044825531192,2,30,"0.372672,0.337418"
46251,best_model,0,0,0.997300179372224,0.997297722513576,0.000452943011769,0.0004567162557124,2,2,"1.869696,1.230257"
46251,best_model,0,1,0.9963405061946988,0.996500408037408,0.0006140380364314,0.0005914789003813,2,4,"1.238235,1.060865"
46251,best_model,0,2,0.9956685093223232,0.9958130352304918,0.0007266545201192,0.0007076455399207,2,6,"0.959967,0.926532"
46251,best_model,0,3,0.9950077223322372,0.995124773859659,0.0008374454394047,0.0008239756518831,2,8,"0.963238,0.840019"
46251,best_model,0,4,0.9945270609045894,0.994596743774998,0.0009180900472915,0.0009132189810512,2,10,"0.953670,0.669759"
46251,best_model,0,5,0.9938902943666816,0.9938816297263994,0.0010249527283797,0.0010340966976389,2,12,"0.886051,0.639915"
46251,best_model,0,6,0.9934215152698704,0.9934052392580864,0.0011035235815186,0.001114609449865,2,14,"0.915156,0.613125"
46251,best_model,0,7,0.9929439129725548,0.9928956596502556,0.0011836799650897,0.0012007470698171,2,16,"0.916050,0.761604"
46251,best_model,0,8,0.9919722494490304,0.9920882257881832,0.0013466519521115,0.0013372120028057,2,18,"1.057944,0.575030"
46251,best_model,0,9,0.9913164199388717,0.9914840688498646,0.0014567395526674,0.0014393218360744,2,20,"1.044041,0.561590"
46251,best_model,0,10,0.9904188221894475,0.99047528482153,0.0016074661428539,0.0016098467116126,2,22,"0.947859,0.616474"
46251,best_model,0,11,0.988929346566897,0.989054032291234,0.0018575458840717,0.0018500822369839,2,24,"1.273880,0.777060"
46251,best_model,0,12,0.9874529064979468,0.98758151131943,0.0021053019322161,0.0020989937106796,2,26,"1.077586,0.781499"
46251,best_model,0,13,0.985064956381942,0.9849307636948356,0.0025066987468977,0.0025470779181444,2,28,"1.362694,0.714102"
46251,best_model,0,14,0.9826580476045912,0.9828146117591108,0.0029106015101219,0.0029047530655907,2,30,"1.347998,0.980293"
46251,best_model,1,0,0.9976535437317916,0.9977185961045484,0.0003936705750743,0.0003855950403149,2,2,"0.537222,0.369750"
46251,best_model,1,1,0.9965135246214716,0.9966651769375828,0.0005850487652431,0.0005636466234759,2,4,"0.398797,0.323712"
46251,best_model,1,2,0.9956207824060124,0.9957616434060946,0.0007347599878724,0.0007163435618542,2,6,"0.416573,0.336255"
46251,best_model,1,3,0.9944465320815742,0.9944189494386227,0.0009318196959741,0.0009432922683903,2,8,"0.508977,0.332868"
46251,best_model,1,4,0.992917301166994,0.9927210859710308,0.0011887905225207,0.0012302968790978,2,10,"0.591641,0.324291"
46251,best_model,1,5,0.9904569695242266,0.9900016072946322,0.0016021489778097,0.0016899965262341,2,12,"0.562386,0.361754"
46251,best_model,1,6,0.988728841509662,0.9882261191519924,0.0018923926870705,0.0019901164616599,2,14,"0.547729,0.315456"
46251,best_model,1,7,0.9864439215255824,0.9861987298192002,0.0022762312519924,0.0023328361265679,2,16,"0.537544,0.335336"
46251,best_model,1,8,0.9844116528602624,0.983212958967552,0.002617753941441,0.0028375953806086,2,18,"0.589886,0.305269"
46251,best_model,1,9,0.9802159854351516,0.9794440256223526,0.0033222984372496,0.0034746794771639,2,20,"0.689662,0.383242"
46251,best_model,1,10,0.9767185446540694,0.9763377112648052,0.0039083864961013,0.0039996673291623,2,22,"0.654327,0.460250"
46251,best_model,1,11,0.9718473320223318,0.971692465310965,0.0047258411901387,0.0047848351951017,2,24,"0.622609,0.373296"
46251,best_model,1,12,0.9676842538642952,0.9679918143622088,0.0054230560226833,0.0054102356423702,2,26,"0.550723,0.520431"
46251,best_model,1,13,0.960653120999972,0.9612199094979776,0.0065996999779414,0.0065545384165399,2,28,"0.527223,0.474465"
46251,best_model,1,14,0.9551301077486788,0.956120417350824,0.0075260237239176,0.0074164086042137,2,30,"0.793216,0.420214"
46251,best_model,2,0,0.998438563803252,0.9983783307692686,0.0002617870557407,0.0002740800141509,2,2,"0.361799,0.255590"
46251,best_model,2,1,0.9971128094535566,0.9970998634175072,0.0004842923204569,0.0004901562763593,2,4,"0.345839,0.243708"
46251,best_model,2,2,0.9960015820639238,0.9961426093590584,0.0006707577387197,0.00065194770395,2,6,"0.352593,0.262917"
46251,best_model,2,3,0.9945980227826792,0.9945005422954016,0.0009063369334069,0.0009294911762517,2,8,"0.328170,0.268857"
46251,best_model,2,4,0.992917429190894,0.9929054209486756,0.0011884786931562,0.0011991060757624,2,10,"0.436985,0.282217"
46251,best_model,2,5,0.9909998722330796,0.9905830166011456,0.0015102745994142,0.0015916426920324,2,12,"0.403616,0.305665"
46251,best_model,2,6,0.9888718152201138,0.988036811607829,0.0018675266237539,0.0020220335533502,2,14,"0.424339,0.265358"
46251,best_model,2,7,0.9862867027194469,0.9853634160269064,0.0023019335962462,0.0024739320145422,2,16,"0.435085,0.266931"
46251,best_model,2,8,0.9830094522685764,0.9824670442775892,0.002852060929567,0.0029635354289845,2,18,"0.441990,0.351708"
46251,best_model,2,9,0.9792650343128466,0.9786725801551588,0.0034800974382486,0.0036048607130915,2,20,"0.482262,0.372060"
46251,best_model,2,10,0.9739339166840048,0.9734004860212996,0.0043732114112392,0.0044958773589998,2,22,"0.537255,0.391971"
46251,best_model,2,11,0.9682899869528844,0.9668973541316012,0.005319543436067,0.005595003131705,2,24,"0.474647,0.383901"
46251,best_model,2,12,0.9630641601822814,0.9621580709678568,0.0061967335948645,0.0063960174316151,2,26,"0.438326,0.357809"
46251,best_model,2,13,0.9570926291646388,0.95733694929139,0.0071980963976703,0.0072107374040381,2,28,"0.489623,0.431342"
46251,best_model,2,14,0.9487512989182,0.9495646940747468,0.0085980635638224,0.0085243916652375,2,30,"0.484438,0.282197"
46251,best_model,3,0,0.9985926803697348,0.998585409794979,0.0002358600736045,0.0002390740518684,2,2,"0.245228,0.224822"
46251,best_model,3,1,0.9975660897629526,0.9975971080040624,0.0004081949999494,0.0004061096310963,2,4,"0.326322,0.190856"
46251,best_model,3,2,0.9964414585561338,0.9964377479794824,0.0005967484277916,0.000602043291632,2,6,"0.300033,0.238876"
46251,best_model,3,3,0.99499100497933,0.9949724808159948,0.0008399160249979,0.000849682017434,2,8,"0.298935,0.223105"
46251,best_model,3,4,0.99375377473332,0.993506786401499,0.0010475998283072,0.0010974091506516,2,10,"0.271046,0.200792"
46251,best_model,3,5,0.9922587094078424,0.9920535525834128,0.001298592852344,0.0013430413408439,2,12,"0.308521,0.232584"
46251,best_model,3,6,0.989853192725049,0.989585070966981,0.0017026184035887,0.0017603022838612,2,14,"0.344334,0.246329"
46251,best_model,3,7,0.9872377033509112,0.9869840375474718,0.0021417693850306,0.0021999665118787,2,16,"0.406487,0.303689"
46251,best_model,3,8,0.983473653918726,0.9829140661153476,0.0027742838939833,0.0028879763002989,2,18,"0.376246,0.311690"
46251,best_model,3,9,0.977976272915924,0.9778653833388647,0.0036970960793903,0.0037413498966359,2,20,"0.531337,0.291276"
46251,best_model,3,10,0.971865021939237,0.9708383932859944,0.0047229510619118,0.0049291811318246,2,22,"0.472377,0.262973"
46251,best_model,3,11,0.9673215938151514,0.9664123130619998,0.0054860388651752,0.0056773202198091,2,24,"0.470856,0.333257"
46251,best_model,3,12,0.9593298670495296,0.9587680948219304,0.0068277016845727,0.0069693338550013,2,26,"0.464203,0.333879"
46251,best_model,3,13,0.9525495573708976,0.9510364449913156,0.0079652893027289,0.008276061400696,2,28,"0.537414,0.316505"
46251,best_model,3,14,0.9439041568921096,0.9442797828181207,0.0094142986312273,0.0094178253142417,2,30,"0.464731,0.383552"
